Agent_ID,Farm_Size_Ha,Initial_Savings_USD,Initial_Debt_USD,Is_Impoverished
1,0.5505210532630396,557.133346519724,1000,False
2,2.3389803171311514,717.9444220005826,0,False
3,0.15158901568463573,472.825386744126,0,False
4,1.6496469575917703,227.72822267884416,0,True
5,7.516881208158449,515.1247905140157,1000,False
6,1.944781491710624,358.27074383792643,0,False
7,1.3216431844091634,208.48139595652623,0,True
8,0.5967420491063896,265.9663892384714,0,True
9,1.129252903272506,409.65910735466133,1000,False
10,0.3329170843689105,658.5248523822027,0,False
11,5.186348873252003,303.0133068366315,0,False
12,2.185886943171823,311.0843072264917,0,False
13,1.3271830711518826,270.1681097809367,1000,True
14,2.301110958848473,611.3238413760547,0,False
15,1.3417245069930535,408.7253310298778,500,False
16,1.2148396363831087,635.1647120527466,0,False
17,3.0402414265130098,297.68021876679245,0,True
18,0.9535340773699468,420.2662730866278,1000,False
19,2.8733580582826646,317.5885186591869,0,False
20,1.2657191153910348,866.6986231981135,0,False
21,1.1752277633807633,111.93842793193035,0,True
22,1.6438763827103036,246.05041377218527,1000,True
23,4.149195838597768,395.99279782193344,1000,False
24,0.5640216020260828,321.8434360085026,0,False
25,0.30444694458687493,523.3096187166475,500,False
26,6.846838124827405,322.3666841893255,0,False
27,1.3903941519511929,223.27996712651208,500,True
28,0.726620055926987,454.900827533529,1000,False
29,2.3196725907074023,458.64890171110227,0,False
30,0.7305473755208121,1051.3190064526414,1000,False
31,2.611687350429231,642.0294489312062,500,False
32,0.7375229834429219,473.6837382663858,0,False
33,4.315802340156986,444.3192235456169,0,False
34,2.191344162722136,462.46724361955853,0,False
35,1.2561632005543206,489.1866862387918,500,False
36,0.9901131091848044,559.9415331096891,0,False
37,1.8110964299034127,326.07568964517367,0,False
38,2.786883752925707,458.2536350483071,500,False
39,2.965400444784762,403.3641444116969,0,False
40,1.3914518962276012,386.7210786933807,0,False
41,1.2211844235489355,418.32732119167173,0,False
42,2.393965049958907,520.7640851698815,500,False
43,1.3158860383174322,434.52030327893874,0,False
44,1.2689579088468657,417.2457038043519,500,False
45,1.968550453734355,294.4954675593701,0,True
46,0.6242605761736985,431.81557172339666,500,False
47,2.6387215576471275,195.7954144882973,1000,True
48,2.725418901368801,533.2784789005033,0,False
49,1.7852699834091643,453.4440685945659,0,False
50,0.5997553308145592,530.6600326805177,0,False
51,0.445012533243693,406.8610483650509,0,False
52,3.504846735620379,356.8007877610195,1000,False
53,2.236944788324207,163.28678838936182,0,True
54,1.3397541286964598,403.0208226256013,0,False
55,2.1175770897838877,612.7622252756701,1000,False
56,0.797751744887557,174.17548043016356,0,True
57,3.2884598514662953,182.28179330519248,0,True
58,0.416120776708633,378.5391787011481,500,False
59,0.8454060978535975,424.08298827574055,0,False
60,1.1646106292560223,732.8339607233066,0,False
61,3.9865661132640384,249.01225517425758,0,True
62,2.7432680896827417,591.9390187868221,0,False
63,0.9734132628698763,535.432489598372,0,False
64,1.518534053388298,375.9748305060208,0,False
65,1.432039056686592,292.2662556564924,0,True
66,1.8509164651617553,246.30389763017916,500,True
67,2.5071559245510593,562.8845980469778,0,False
68,0.9742894753678183,213.02126731864305,0,True
69,1.4462074347466896,361.2417678625802,0,False
70,3.1744971192428344,311.03570353714514,0,False
71,1.6960677355481573,244.43788217154614,0,True
72,2.636167483811799,328.42589010302834,0,False
73,5.053874160507321,255.34378857934578,0,True
74,1.6703148364168852,579.1610881503505,0,False
75,2.114826653769771,624.5233746144125,0,False
76,0.28029884614368294,554.8159678365801,500,False
77,1.1622598396536983,350.52696596789735,0,False
78,0.9653101295285442,387.87122248155237,500,False
79,0.34179118491402993,427.1947356827502,0,False
80,0.38357686393351836,345.58600986094757,0,False
81,3.1578069415339645,393.7463989360494,0,False
82,0.9692018242806093,302.99764183972553,0,False
83,2.7644659546463424,226.32872442953413,0,True
84,2.2521283231124207,280.4608700820592,1000,True
85,3.26300568979571,377.4721008034695,0,False
86,2.0075549068051486,588.6497037769332,1000,False
87,1.3563643916354884,527.6051004299584,0,False
88,2.1183504187894258,289.15151825406866,500,True
89,0.7733310365991823,720.369008756719,500,False
90,1.8091174111815849,299.7677692657483,0,True
91,0.43373709837083047,476.1500004570656,0,False
92,1.0657700361224143,228.37077558078624,0,True
93,1.1679011637904733,435.23148705701533,0,False
94,2.7114262091840637,208.50448707348218,0,True
95,2.457544710110859,293.72949162072257,0,True
96,1.5107232659675076,357.5644517173787,0,False
97,2.2959645465976464,549.8276712887856,0,False
98,0.9580642880658898,234.3865875959801,500,True
99,3.124763845291655,1249.018436223638,0,False
100,1.2927431051995644,361.5367007786383,0,False
101,1.7371776032369843,447.7978184665799,1000,False
102,0.49876616111779065,337.9292948274435,0,False
103,0.7299380795070672,339.36852118679235,0,False
104,4.273126394452141,306.8716082769057,500,False
105,1.842539716249597,571.4296490774586,500,False
106,3.873346156877195,359.61454254021197,0,False
107,1.5957123370865363,173.8026362723342,0,True
108,3.3418117125462605,609.7766175582848,0,False
109,0.34112760057602215,726.6155756300755,0,False
110,2.397752705123803,389.4490315883302,0,False
111,1.4059004179130108,466.5470287894579,0,False
112,2.752459431452789,318.48719460693417,0,False
113,1.8802666176398257,569.6112640640271,500,False
114,1.4775366767954503,504.54323795460937,0,False
115,0.5641816571092522,478.1841720841652,0,False
116,5.214385108127879,375.95834793431067,0,False
117,2.623461149678866,445.77902968370864,0,False
118,2.1054057079776562,284.88096925275204,1000,True
119,0.595881618704332,483.1250168219466,500,False
120,1.9161570093606861,489.8039004638939,0,False
121,0.4627963329732973,408.11705711956535,0,False
122,0.3662659234579612,336.888191492455,0,False
123,1.8760311403979033,279.97965290584625,0,True
124,0.41435534658564294,284.8435905841019,500,True
125,2.420570082529594,395.3616029711359,0,False
126,1.0044581400717556,288.4606725117104,0,True
127,2.475921923086725,272.94517514542673,0,True
128,0.36047695283109704,234.44067539118896,0,True
129,2.312992416383154,322.79844293627633,0,False
130,3.7553179132786974,658.756612962514,0,False
131,2.1651141383667367,697.3386154300981,0,False
132,0.9918044157021361,440.7400003070696,0,False
133,1.905785125681108,394.33521209036167,0,False
134,1.301739570062863,156.70145085396683,0,True
135,2.979433038437779,1049.6929306385023,0,False
136,0.894008753524754,353.79507313693307,500,False
137,1.7778057120845363,626.9117528214848,0,False
138,2.589514661705356,533.4149836180743,0,False
139,0.4869908489339343,384.6881790272037,0,False
140,1.1172689890608354,297.9311632267856,0,True
141,4.007942404423954,712.0163914999736,1000,False
142,3.1073034910383637,362.23912596421883,0,False
143,1.0052551162558812,222.54722901999136,0,True
144,2.8426676065527454,545.006146966906,0,False
145,4.870836820077224,814.088390233276,1000,False
146,0.6896422950447155,480.78439189957425,0,False
147,1.2639694087754012,142.42904154333277,0,True
148,1.047585025331992,290.75472722958824,1000,True
149,1.0050234014578565,595.738121277881,0,False
150,4.637288606713897,551.4992995459519,0,False
151,3.444668751786921,415.58939601080726,0,False
152,1.2309741255054245,224.9761178055675,1000,True
153,2.375990188610277,381.5740213524126,0,False
154,2.326457319873984,347.76131278402835,1000,False
155,3.5138168829154823,236.6876211304981,0,True
156,5.35699637751416,671.8060631511228,500,False
157,3.984415761303574,255.92953850431,0,True
158,0.18515783788471635,456.2519694660747,1000,False
159,0.5285768409800923,555.6423985824301,0,False
160,1.1316412988050617,534.6437659613673,0,False
161,2.644269349941837,482.8648323359007,500,False
162,1.203670792388063,488.8096905277973,0,False
163,1.378608002396716,542.2792387915995,1000,False
164,1.060642525120171,258.0877961383204,0,True
165,2.2194714683194157,373.68282672546394,1000,False
166,0.6689393997188917,223.51298816417219,0,True
167,1.403859922983177,373.7120954333823,500,False
168,1.2686810060941318,426.5870138617158,0,False
169,4.370534344605423,343.0469246151437,0,False
170,1.3924858873835801,463.86273708003205,0,False
171,1.3000056343571065,398.42650568535566,500,False
172,4.046363435923473,574.4540047006536,0,False
173,4.510798747665196,543.9092427141987,0,False
174,0.65880848122218,321.85065329620573,0,False
175,3.8853151797213545,311.6662127531452,1000,False
176,0.5125487138719654,430.30746650571905,500,False
177,2.028205983660462,566.7646052046744,0,False
178,3.457993992476151,835.1877240248613,0,False
179,4.679038633740301,281.94404845065003,0,True
180,0.15499562901422345,331.69576531768166,0,False
181,1.8312187516117056,784.1845163640193,0,False
182,2.3271478981476434,339.43244153462405,0,False
183,0.9143464397300038,515.5012135951517,0,False
184,1.1241067175382726,498.1379631777052,0,False
185,0.21795604893863096,566.3329288529263,0,False
186,3.7195836890585507,502.0554801403891,500,False
187,2.019070727667638,742.607857661124,500,False
188,2.7196839557824735,429.30238301747625,500,False
189,1.624843795545057,1109.8208145446551,0,False
190,1.8171232979628087,419.0204223333937,1000,False
191,1.6056908375321604,402.65735546551383,500,False
192,2.093016629480441,414.6364972761332,0,False
193,3.505994459315806,338.51261372631217,0,False
194,1.2520013263881178,398.0536756083225,0,False
195,0.92001192814751,348.9973985907643,0,False
196,0.48884731435540507,297.31478743362504,500,True
197,0.4495980720891186,339.49577871478454,0,False
198,1.5229795193776634,493.1665231744173,0,False
199,1.9813058887854038,394.76838236731777,0,False
200,0.4763437625414271,447.4697929678594,0,False
201,0.8408246648880809,408.25526046724883,0,False
202,4.200903780395746,125.77144528314547,0,True
203,1.5296086154866786,454.06546145647826,0,False
204,1.6089734649187588,309.68087425014966,0,False
205,1.3816647125773591,353.80440316982134,0,False
206,2.192078784610055,840.2109569459318,500,False
207,1.5651446344409283,881.756512045133,500,False
208,1.372830959161116,448.3256177536124,500,False
209,5.383341656089661,385.8308906328173,0,False
210,5.290518608662286,431.0659527618964,0,False
211,1.3664676961622704,474.55292720659065,500,False
212,0.24234386722627993,251.98123124894266,0,True
213,1.7049435300169136,558.6947736093613,1000,False
214,3.250573377327332,447.08917732739485,0,False
215,1.0279705088816444,535.7281589622687,0,False
216,1.2888508001600305,184.82843498461528,0,True
217,3.8723103449660723,460.1390995147364,1000,False
218,1.356520401796603,552.3717533097185,500,False
219,1.739642733056622,788.8486341916481,1000,False
220,0.7185428069065769,251.57041437111167,0,True
221,1.9164533447635457,537.815789180237,500,False
222,1.2181416931496716,311.17308656053945,0,False
223,3.7518621450793477,378.3046320917824,0,False
224,1.7916738823608145,481.1669018302032,0,False
225,0.05537633282094782,491.5225192833462,500,False
226,0.7757623107079188,297.8746430739245,0,True
227,0.34030271927474365,616.025779724608,0,False
228,1.6209926993279238,332.9572026916477,0,False
229,1.5552834035570604,171.9504491202727,500,True
230,0.8887440669939038,311.3555242504071,0,False
231,2.7517421285695445,315.0575847318787,0,False
232,1.9546284652938493,276.86141919555195,500,True
233,1.3673155272348643,1207.5020648776522,500,False
234,2.6421016641851858,256.14256352508625,0,True
235,1.8344160903802569,380.73878979356886,0,False
236,3.7264044334717235,441.3681775520988,0,False
237,4.516207985482704,390.9666017058672,0,False
238,2.1727823688700942,1005.0776637282142,0,False
239,1.7106162585465112,250.31969901624188,1000,True
240,1.9242560555266406,236.00365031645,0,True
241,0.6310139583475239,485.84540813451395,0,False
242,2.3268018603285916,599.8521768874907,0,False
243,1.3840940339115346,678.0560648022586,0,False
244,1.9822205457653128,584.7323657512648,0,False
245,3.1734490662697885,546.37388458643,0,False
246,2.127258726475201,325.55062526775237,500,False
247,1.4760523935844325,583.5575079701977,0,False
248,4.051388928454391,471.9503952370819,0,False
249,0.5607442710979355,621.3297478743018,0,False
250,2.655875868773,365.21166338368914,0,False
251,0.45211584650888037,242.25388001659806,0,True
252,5.267405262918172,440.23246152961605,0,False
253,1.5525051247694435,320.23113220023936,0,False
254,1.6655283183905831,595.1432321180549,0,False
255,1.608403526622356,469.4073644184846,0,False
256,4.049336031094021,662.5922800524853,0,False
257,0.7341127902658283,467.6613657642666,0,False
258,6.882452579324823,214.4056856399338,500,True
259,3.3086333724474803,337.1719782098946,0,False
260,2.551945118232718,535.2434273168691,500,False
261,1.5703136295121642,509.06975141145125,0,False
262,3.220959327161124,479.36457718887,0,False
263,2.5445943295393585,547.2335109399708,500,False
264,5.054025867705254,531.6107727007936,0,False
265,3.5416945588264124,513.3801118662127,1000,False
266,2.230078369883972,246.87749173608418,0,True
267,0.5266935762631907,222.84627684807555,0,True
268,0.9911996770462828,463.7285125522158,0,False
269,1.6893225558193414,314.95666619358667,500,False
270,2.2644831313655773,728.1088908828054,0,False
271,1.4778763839592062,376.44293993944933,1000,False
272,1.4482091355058053,200.54629319773056,0,True
273,2.895098883818886,355.53907294933043,500,False
274,1.348152671817165,318.36185539597034,0,False
275,0.7890399212992215,482.31848547974363,500,False
276,2.02776200610723,616.1540383397988,0,False
277,2.1645415864555035,290.74116659613406,0,True
278,2.066037690365334,230.97145667648368,0,True
279,1.2136359659077105,320.83181271171816,0,False
280,1.8337140340972147,345.5598921451691,0,False
281,1.586285994283621,281.42880660991347,500,True
282,0.2395625350402179,708.6831010341854,0,False
283,0.17588989492403792,753.9426810580761,0,False
284,0.9830845584764625,267.2107218542776,0,True
285,2.0902351242211434,419.6992606965337,0,False
286,2.6328905608114854,754.4453365688165,0,False
287,6.811416422943202,242.5637385607235,1000,True
288,4.068048412126352,197.02535388119674,0,True
289,1.5144523212367331,314.07755109702777,0,False
290,1.621653462144532,426.5600920461177,500,False
291,0.8719749538520953,270.723518949962,0,True
292,0.9375269405123764,450.13730719052035,500,False
293,7.080625264621112,425.51554007072275,500,False
294,3.032302712752176,573.0103638553984,0,False
295,2.87224311825063,394.0407411129538,0,False
296,0.3562516306362706,324.5159338167941,0,False
297,2.9110406028475633,376.14422241613414,1000,False
298,1.8962159948947648,400.80693358973355,0,False
299,2.5664662861386396,416.3458206558749,0,False
300,0.19232882157734218,612.5903050270508,1000,False
301,0.08701615909935254,408.73004177429715,500,False
302,1.7463920400825284,244.5965536846402,0,True
303,0.38185559520742507,492.0109004740355,1000,False
304,1.7252246377307239,538.9485047285746,500,False
305,0.5307473837753912,352.0582521144764,0,False
306,1.1526189383558847,486.16317752362863,0,False
307,2.0244166212230224,850.5012172888232,0,False
308,1.553075161367497,307.0333182270867,0,False
309,0.5165815715285687,637.4742551517679,0,False
310,1.0266983700126824,392.86703466069764,500,False
311,4.508433193248396,485.8070125912879,0,False
312,1.5997542943646734,933.8690061035168,0,False
313,1.276211950786119,152.1514625266998,500,True
314,3.658275741403209,491.7655207465148,0,False
315,1.443936442015411,521.5356260729711,0,False
316,1.6294514011906318,1041.8695949470007,0,False
317,2.7821116237865056,418.0140421744223,500,False
318,2.3070376594685498,576.3365302356085,0,False
319,1.4198041043963014,686.2779505777966,500,False
320,0.6927782760662186,332.8827076299281,0,False
321,1.1365887213791468,278.48663563917523,0,True
322,0.2692659103610022,635.6398859499695,500,False
323,0.7740841094100955,383.4353084034789,0,False
324,2.049487611106306,289.44031534502636,500,True
325,1.987271865557343,347.5029257291262,0,False
326,0.4637287323380294,207.39211184509819,0,True
327,0.9486505012272061,302.5602389607665,500,False
328,4.13041233560869,196.60218061966108,500,True
329,0.1309900954485802,377.8990085781285,0,False
330,1.2405564502906834,515.9226474519967,0,False
331,0.7865378770175706,518.3760146864108,0,False
332,1.5374268388351238,1009.1507571290155,500,False
333,1.640973093063677,313.109747948948,0,False
334,2.4497707307833623,146.0772685474018,500,True
335,3.7978079827118436,398.92706774882066,0,False
336,1.2247415029923223,153.68883495841987,500,True
337,4.235694037740207,410.3422968860111,0,False
338,0.5053370527420458,715.7420948060984,0,False
339,0.3633759285297919,788.3238623590576,0,False
340,0.853010982616233,379.1392898268115,500,False
341,2.1672765399961027,589.3595492027227,0,False
342,2.0377477080271156,334.7303516253006,0,False
343,1.6518347398746682,225.72356591950427,0,True
344,5.096926413492103,596.6369030555328,0,False
345,1.5747196208263745,647.6320627833028,1000,False
346,1.3867571769421527,326.0037420766099,0,False
347,1.6917242060371416,626.5802425403737,0,False
348,1.6693579963374332,247.96958465188538,0,True
349,4.028751507002284,510.3305520971811,0,False
350,1.3354715262291625,274.8818389077475,0,True
351,1.0121678344730054,471.50380252348884,0,False
352,1.3981590940031114,618.4735732792044,0,False
353,3.2260970593512255,462.2220393286434,0,False
354,1.1485277861498147,318.8001414741624,1000,False
355,1.287611239705697,514.4823010079293,500,False
356,0.427761382366182,429.99370514342513,0,False
357,0.49301201318770027,478.99725573613654,1000,False
358,2.1020345002691716,358.51441099025214,0,False
359,1.3964894931701124,328.97933425095937,0,False
360,2.0728322533183707,233.35297048817995,0,True
361,2.3292287829401133,248.09830070869518,0,True
362,2.6046504751417223,219.99267715128772,0,True
363,1.6369036288877785,322.03868455838364,1000,False
364,2.337271200257701,617.3319822696726,0,False
365,3.166997115071555,390.2473755585245,0,False
366,6.04240521456668,269.85463045528826,0,True
367,2.6665308164505728,348.73961081106927,500,False
368,0.5089197010826801,312.03058191864375,1000,False
369,1.9432736417500485,385.84665890357786,0,False
370,1.7061789734377208,339.8400015595754,0,False
371,0.628573477224799,422.2741919522853,0,False
372,4.780417826464977,353.7605672822845,0,False
373,1.9913091658685227,251.61530620865483,500,True
374,1.2408230447997421,548.2904234926823,1000,False
375,0.8418380235027134,303.971863494077,0,False
376,0.5395647544829989,480.88876236151185,1000,False
377,2.7939325008743627,211.99767916214608,1000,True
378,5.671065187502973,700.7615960526316,0,False
379,0.3975291148998937,503.2682263830927,0,False
380,4.817083395938093,563.1968383168951,0,False
381,2.477523390427969,233.6664676252824,500,True
382,2.436068738307894,1032.2309699021746,1000,False
383,2.352516713966728,660.4672122537614,0,False
384,2.0314752194227865,358.48008506476725,1000,False
385,4.6402496919878,644.4184680539299,0,False
386,2.8381668183366444,311.6082046539611,500,False
387,0.27667957151249506,518.8706080039515,500,False
388,3.426792765619746,144.1740261391915,500,True
389,1.058933947519137,357.1166679155569,0,False
390,1.5019110822613222,643.0907287242784,500,False
391,1.668916697577931,490.93455641555124,0,False
392,2.0198631056206624,424.9584917754594,0,False
393,2.9197809871822393,311.22046870496683,0,False
394,0.8624063799490732,252.09302312530284,500,True
395,0.7090146314251399,411.91506059684855,0,False
396,4.114252022686055,763.6340325074765,1000,False
397,1.5227141915466191,290.443173763783,500,True
398,2.4529910025310158,516.8949316156596,0,False
399,0.5671492678016543,523.797940464504,500,False
400,0.9099207339233782,399.1394088570586,0,False
401,3.6598809132950603,346.64373717754455,0,False
402,1.0087204283461146,425.06505888077936,1000,False
403,1.6460598356008036,366.8950219305462,0,False
404,0.28264058740782394,483.31437643645,0,False
405,2.4944498434130424,730.8653193464392,0,False
406,1.0611296075276029,481.5174274387422,0,False
407,0.5047526052443766,373.4553910246488,0,False
408,5.329799222565662,224.65007220111545,0,True
409,1.0912030699306394,434.9373036338487,500,False
410,3.097811399005239,486.65444511412653,500,False
411,0.9767633645438056,297.46084881880194,500,True
412,0.7235179527317048,516.0471398412394,0,False
413,1.4873775175046877,452.26143763891326,0,False
414,2.404984248521533,781.811582902192,500,False
415,1.2377630698894424,306.7807635158667,0,False
416,7.463539812312282,626.2447281785384,0,False
417,4.373860723756188,234.07142571492048,0,True
418,1.7800335986693137,322.91370782077263,500,False
419,1.689964953140977,794.3268040869453,0,False
420,0.37975254905914596,310.28208991167486,1000,False
421,1.3003801261684023,634.5814502958873,0,False
422,1.5790206655922354,659.2652589969942,0,False
423,0.5843703221844772,320.7909173136809,0,False
424,0.36081639189150083,608.070066615756,500,False
425,2.510111199014526,250.1781927225095,0,True
426,3.098181835380121,332.2138772544454,0,False
427,1.3108359612827598,474.176869016165,0,False
428,1.9595069717319507,390.07366758806234,0,False
429,1.803413420960904,479.84913528334965,0,False
430,1.4492311604002341,346.2539208975721,0,False
431,1.8818895900983816,268.375810895485,0,True
432,1.875455005148059,531.3175337932339,0,False
433,1.1014486933171221,536.2845364756212,1000,False
434,0.3995413749006218,506.8600815108963,0,False
435,2.679118031065588,490.76132983811857,500,False
436,2.4732735894930404,311.764715223934,0,False
437,0.40178644828121024,396.23634991401013,1000,False
438,1.7342324345644575,437.7681708757595,500,False
439,0.4432277209043142,360.404875752049,500,False
440,1.7839289736621042,558.8440197471648,0,False
441,1.2835115589881612,146.03747519653203,1000,True
442,1.1691366155892295,822.5930961675789,500,False
443,1.3203180857192258,377.377542245123,0,False
444,0.5321953085093787,1380.9097966720924,500,False
445,3.615804468738506,194.19450718211667,0,True
446,1.7046755593311673,1071.374097011477,500,False
447,0.6521940413371173,336.02766150391386,0,False
448,2.127457159227781,252.57027760552057,0,True
449,5.46794387563723,237.7610462742997,1000,True
450,0.5140794268006064,648.7803906918967,0,False
451,1.4967071114813457,299.3306266017907,500,True
452,1.171284145283772,288.90738384964766,0,True
453,2.211954778647595,262.89561841601585,0,True
454,1.8343157605787062,535.8643392600109,1000,False
455,2.6711008292422687,546.6224675869299,0,False
456,1.8534495807261209,302.33717691265736,0,False
457,0.8260148293954825,355.5151169731459,500,False
458,1.0082690376793306,328.24994806942783,0,False
459,0.6413212114308211,352.02646977448245,0,False
460,0.18489012692674164,323.7443058633175,0,False
461,1.4408438414093119,283.34543910338715,0,True
462,0.5121904563873155,347.2286089957103,500,False
463,0.4784793237645374,483.9038576385444,500,False
464,0.3537223063544941,182.56433625147918,0,True
465,6.241784659436179,319.74372847761015,500,False
466,3.1036545276058707,392.65047966547326,0,False
467,2.0216519351885864,710.0708987825433,0,False
468,0.9669444274307075,263.0717962847742,500,True
469,0.5589399862549412,469.2508705817123,0,False
470,1.6513630910785986,432.5363863836107,1000,False
471,0.6611073759368864,136.99279467608937,500,True
472,0.5078282806326652,301.47156175578493,1000,False
473,1.4716987595615871,559.3415213497526,0,False
474,6.59012097709287,837.3577010191457,0,False
475,2.993001883467283,607.6181011849991,0,False
476,2.904634998345352,410.3384932120619,500,False
477,0.9468645831444295,241.15451039474638,500,True
478,1.3621000129516794,379.8806603434694,0,False
479,0.6405736835817305,645.3615087302633,0,False
480,1.2490391669150505,500.4115999076681,0,False
481,0.8333128142794277,583.0341672923774,0,False
482,0.10960425902575885,335.8956124879714,0,False
483,2.135262109982962,225.7009331825615,0,True
484,1.1758039350794378,284.89941615317736,0,True
485,2.3156432971911016,193.20407101766446,500,True
486,1.0205691346016428,587.2485468015856,500,False
487,2.068002407065408,450.1933508171114,1000,False
488,2.2739337353985496,302.2301313002387,0,False
489,7.035541333903588,336.2574470675426,0,False
490,0.26181736158918834,290.2058104686604,0,True
491,1.145292639715748,272.74183268055737,0,True
492,0.9300300471795357,340.76787289282424,0,False
493,2.235502709307797,675.1264797356454,0,False
494,2.520747179564142,555.8673712530928,0,False
495,1.0546381061152361,343.666563139499,500,False
496,0.6214852727384494,479.84201852904664,0,False
497,1.6478168465714835,447.79881209995165,0,False
498,0.8546283008253327,930.5482887179331,0,False
499,0.8196919420238029,564.3235391261338,0,False
500,0.6361441198279044,433.82127541618786,500,False
501,7.304168014968026,355.3595803287781,500,False
502,1.7227806003989958,551.6661097989752,0,False
503,0.8118960022417401,774.2041991443112,0,False
504,0.937451632653874,444.92311297721875,1000,False
505,1.5949670349342966,306.0577668046519,0,False
506,2.38182904327602,318.60007047796876,0,False
507,0.5120766717117502,1192.770631388078,500,False
508,1.6440210238800412,297.9299034168139,0,True
509,2.843094933084133,384.20361997232595,0,False
510,0.632459268240173,745.6829445394515,0,False
511,0.9976648846976032,222.32743717200498,500,True
512,2.383772421272902,334.94736778317144,500,False
513,1.9588355153990615,283.3072377516717,0,True
514,0.9122350417288033,390.94166807265,500,False
515,4.077682958524566,276.3928262394796,0,True
516,1.2145530639758904,301.47999053130184,0,False
517,4.161511057656525,421.86112611477415,0,False
518,2.7680664262649404,283.9698285480268,0,True
519,0.93075279617045,491.2428040592822,0,False
520,1.6227407154968108,282.8037085637981,0,True
521,3.0392995221764294,961.7552531879891,0,False
522,5.663226459085351,681.0611238974825,0,False
523,2.020510587079467,281.799704078948,0,True
524,3.76539480704311,243.08258456081217,0,True
525,0.1362856284965613,798.9253947955681,0,False
526,0.26091595618612057,357.10030192941474,0,False
527,2.41612641500346,291.6512418105965,0,True
528,2.2814710414855965,406.57594821440483,0,False
529,2.058759632817976,546.9038801193522,500,False
530,0.6148475699832391,477.66315179186205,500,False
531,0.9392026990235754,319.26814763345783,0,False
532,0.4424717626364818,285.7518592442626,0,True
533,1.3908890986402611,385.60339655308616,0,False
534,0.9684178686194594,387.06189142434545,0,False
535,0.7479340133665667,663.9575806369432,0,False
536,1.1912079011783625,628.2358290138965,0,False
537,1.414666259062794,305.9090798020403,0,False
538,2.766976462877474,459.16871923762136,0,False
539,4.2870134589823214,341.03011181247564,500,False
540,2.7031162923315573,559.7965168072556,0,False
541,3.7405578864792464,642.660766620467,1000,False
542,4.323806071174968,541.7191613575238,500,False
543,1.7268060446422828,560.5940303213233,0,False
544,1.1090907963058714,548.1909074278356,0,False
545,1.1888536602482203,260.7208370180245,500,True
546,2.013583761420963,279.9775446520567,0,True
547,1.0822950758644612,447.0197914661006,0,False
548,1.9706683608918427,318.61417064119036,0,False
549,1.1058528850678475,448.6913067975768,0,False
550,2.69315637153333,248.12816039315004,1000,True
551,1.8964161265597324,386.2575040097422,0,False
552,2.480904199963831,584.5335630139966,0,False
553,2.967534477634399,302.90818709092406,0,False
554,1.1804275151129069,286.8761775167525,500,True
555,0.8997768280672412,439.729021849489,0,False
556,2.8761120760261965,921.7492767275852,500,False
557,3.441955107456691,220.07506660202077,500,True
558,2.3597293507595647,1206.5144197835477,500,False
559,2.674873625679695,284.7701056987424,0,True
560,2.189605704858659,301.3096429618351,500,False
561,1.5402681581018247,435.9219168803939,1000,False
562,3.669463537968841,451.6003392211984,0,False
563,4.496666103508237,564.1803730129126,0,False
564,2.624131822432802,1065.738910193631,0,False
565,1.3904804353519649,396.56335068921646,0,False
566,4.896305216475535,580.3858852478644,0,False
567,1.0975925642783162,284.9684374531042,500,True
568,2.708120839230524,318.5419180255236,0,False
569,0.9023327499157049,183.04470929717132,0,True
570,0.84317220033445,413.20651341568515,500,False
571,4.09840678396318,342.1052231404636,0,False
572,2.6989284951360184,557.1622395812319,0,False
573,3.187062069312356,365.56690063504675,0,False
574,0.8998044077709818,444.120622125852,0,False
575,2.6473599435442563,288.50432970903626,0,True
576,1.8831466202390366,292.067398872103,0,True
577,2.9453291663212804,241.58674606945607,0,True
578,0.4753629991303247,214.35716250198877,0,True
579,0.15911576027398064,759.5636752086186,500,False
580,0.5201989499817603,453.4512769107123,0,False
581,1.2169039433271174,512.4411837782546,0,False
582,0.1018709671051709,348.5680552407908,0,False
583,2.3796393724581346,214.9803322693922,0,True
584,0.9826615027847218,277.20421906142883,500,True
585,1.303678195702142,493.4421332617208,0,False
586,4.220904173822847,298.07010656060896,0,True
587,2.552328695441734,508.32875868882525,500,False
588,0.35487403359754693,474.42963011238334,500,False
589,3.4772782865888736,502.5734082471043,0,False
590,1.3360777793368166,244.61149036535662,500,True
591,3.497231674715214,249.6060829619219,500,True
592,1.4276001482798057,518.1641210130816,1000,False
593,3.4500604488091033,372.1430348185395,500,False
594,1.719753738829952,635.915272126374,0,False
595,4.587398889060166,500.6503750875556,0,False
596,0.7155227518656537,237.79435009466684,0,True
597,0.052226805882174904,350.97164336417677,0,False
598,2.0202421471798924,866.0537847938934,0,False
599,0.1737385014713478,359.27863169142483,0,False
600,0.48426592916908867,187.56873605848818,500,True
601,3.6446588981725636,408.1884790870954,500,False
602,0.43590907425700876,318.19680927177603,0,False
603,1.9932286331213287,360.35128815742655,0,False
604,1.0010012410221494,532.4809040297581,1000,False
605,0.6763512409979664,486.668244022956,1000,False
606,1.7533696925490583,685.1565738120693,1000,False
607,1.2299159471786971,430.658162898307,0,False
608,1.8315700916178854,293.49167733042685,0,True
609,0.26941598730197297,195.23724848548835,0,True
610,3.601963229695535,558.9172748384481,0,False
611,1.0732923705753092,384.2693740256032,0,False
612,2.102125018103463,540.1686565064176,500,False
613,1.4276340510859353,581.9685026795689,0,False
614,2.9446040853772297,404.4935545664585,0,False
615,1.8286069928106707,654.3859531500386,0,False
616,2.146130908963609,218.99102034087304,500,True
617,1.213594384988796,466.04484956935045,500,False
618,1.7201897327084408,489.8744814911739,1000,False
619,1.613849818229673,575.3865926022486,500,False
620,0.09222994432185905,562.1977227705981,0,False
621,4.017600453889412,114.82578323106733,500,True
622,0.5670016883680905,686.2662291175269,0,False
623,4.041723185190481,374.7684444924506,0,False
624,0.6603999315368339,363.90081085729776,500,False
625,1.7809713738291981,500.1738433611703,0,False
626,3.4627758259610464,838.2865711704193,0,False
627,3.645522924152642,667.3223191681018,1000,False
628,2.3217948705740654,628.5584290274342,0,False
629,2.736331483399628,599.7722925153647,0,False
630,0.7112563905862123,479.6300543916224,0,False
631,0.7359608053324821,498.057554620788,1000,False
632,2.055204891801293,485.83484988272,0,False
633,3.2455345829968114,560.2346620924874,500,False
634,1.4312191420977578,440.9402236308076,0,False
635,1.0821645105704971,480.26945309671464,0,False
636,0.934474597042585,258.56828484081876,500,True
637,0.7554518443378422,474.4456932006218,0,False
638,1.2678001280579723,205.1766909590806,0,True
639,2.2745049000775763,299.1427731999752,0,True
640,3.6889971641418917,288.4989664517607,0,True
641,1.7565590565577072,422.3391403642229,1000,False
642,0.6197662296634111,288.95104614947,0,True
643,5.64838287552764,397.3358604319779,1000,False
644,1.5114106890386299,665.2181337204422,0,False
645,3.103390736048853,448.2858578371219,500,False
646,0.6808601402223307,283.1340618471796,0,True
647,1.732020804056581,187.67885810209026,0,True
648,3.499306424836135,240.14214884544475,0,True
649,1.6595001269486018,477.34751763041027,0,False
650,0.8717821021667044,447.6702043788698,500,False
651,2.243318194506208,340.7113620907929,0,False
652,1.71115255887246,952.6554975715976,0,False
653,3.3521088955626066,387.99361414295345,1000,False
654,1.5813009852169169,600.8414853142298,0,False
655,2.356946659926782,517.5966569199974,0,False
656,5.895164236311777,394.5954490004673,0,False
657,1.3321188509709152,518.1788516105935,500,False
658,0.5964962828769613,426.48021733621124,500,False
659,2.3234835757257395,402.955812187631,0,False
660,1.2065344344209867,464.10557111462333,500,False
661,1.1589720611173777,287.95539254820636,500,True
662,0.2994253047238536,369.48820270714134,0,False
663,2.654577381795433,847.1554209943705,0,False
664,0.6812416466735067,424.2388620560137,500,False
665,1.1305924842179846,315.0149593374612,0,False
666,1.098502777669313,328.5502996358702,0,False
667,3.1852603076471397,711.7348698353767,1000,False
668,1.360683780933006,395.6207175223059,1000,False
669,0.7363707128047979,287.86854620887493,0,True
670,2.366620330611151,342.64910061758565,0,False
671,5.541801709942838,326.4261895807709,0,False
672,0.7726304496365538,497.78320769549237,0,False
673,2.5723455028321425,336.86735557028464,0,False
674,2.6531328464519084,341.639201732764,0,False
675,1.0841935604909216,678.4127683951531,500,False
676,1.3273397399802331,337.53011834998756,0,False
677,2.877634152184645,222.14877505044439,0,True
678,1.9887896519350556,581.0524273140915,0,False
679,3.2035325296446855,277.17010132653735,500,True
680,5.263187892559644,296.14622594069596,0,True
681,1.017848029339487,638.6622698934545,500,False
682,0.5741732706158323,482.5176045970661,0,False
683,6.717563038434291,190.30288852199575,500,True
684,2.404767103186593,355.9806904871013,0,False
685,1.5493127399972795,352.0091280354644,0,False
686,2.8503989194286907,652.4901327827939,1000,False
687,1.1459739933134558,433.8369207282138,0,False
688,4.6514145390714665,269.93519934093393,500,True
689,0.573501018836914,311.753178812929,0,False
690,0.14873106677476008,426.8657058724346,0,False
691,1.9670469771865549,320.7683713459827,0,False
692,0.34382686326641043,642.8723908961333,0,False
693,1.6314994369528721,516.4802763023049,500,False
694,1.7329484703408886,289.2921674316549,0,True
695,1.7353564472482446,293.03809068767754,1000,True
696,0.37629974653247517,570.5253729806159,500,False
697,1.714458733121541,186.25515447593398,0,True
698,0.6753357399895842,323.12425360326876,0,False
699,1.5207830767841903,344.42900318982515,0,False
700,1.6101444965169374,174.5694976773728,0,True
701,1.0013842142103202,376.978305668442,0,False
702,2.2399904160251833,312.45612090005955,0,False
703,1.15748102644772,339.4771677381223,0,False
704,4.4447226167514415,373.83943944627606,0,False
705,0.7426038424451822,291.9643287469648,0,True
706,1.152026038816012,396.8104692501482,0,False
707,2.975918594374096,730.5625220384288,500,False
708,5.246381258752203,290.9320152087788,500,True
709,3.3029430248528615,353.97150290001673,0,False
710,1.8521715095978275,991.0863323878388,0,False
711,2.865784723895968,520.4108764727581,500,False
712,0.8301143021443285,532.8896934998112,0,False
713,1.3848762125634906,320.2900099939296,500,False
714,1.9085034166315904,543.9772985579104,500,False
715,1.0234886122568163,328.35638047486594,500,False
716,0.6612004777297907,275.42311907314985,500,True
717,0.583243021523593,259.28320003425154,0,True
718,1.0786730818125725,268.8110937103667,500,True
719,0.9768548099495155,550.0228115773011,0,False
720,4.887485924213964,624.4358214603784,0,False
721,1.50974795968164,468.4519792303384,0,False
722,5.124872078793839,346.53941428799885,1000,False
723,0.9919575444014933,615.9769486169275,0,False
724,1.1221360039488515,987.3367295027822,1000,False
725,2.173669273867023,308.7235979727725,1000,False
726,3.2605830868856547,420.81959575211533,0,False
727,5.207320794683394,353.4050739657323,500,False
728,0.9568988103984923,480.41322543231615,0,False
729,3.8526835617081154,393.6274235531911,0,False
730,0.9379797259751832,418.5726875252562,0,False
731,2.116915137650465,285.6483331743906,500,True
732,2.708161776983792,405.71608858671465,0,False
733,1.8343528358520955,635.1832024476624,500,False
734,2.422187926152278,264.25468437726164,500,True
735,2.361772070216694,460.91538674761193,0,False
736,1.4546559673827835,810.6143334253806,500,False
737,0.8925200550301914,479.7843613003555,0,False
738,2.6211935276839653,266.83467782151075,0,True
739,0.9317959688861301,358.78850791371184,0,False
740,2.366339435572993,252.92748511916767,0,True
741,1.6493842565334829,348.4684530436621,1000,False
742,1.7942433649352645,225.81527195170594,0,True
743,2.709125197453748,251.83104445326384,0,True
744,0.9308679443068674,522.2432038642332,0,False
745,2.9408852978489604,531.2021304409168,500,False
746,1.3152945387862864,249.21683294037126,0,True
747,1.5518818925518028,752.059363685641,0,False
748,0.493717024663636,335.03880899664324,1000,False
749,0.2510188700310313,893.4608774191354,500,False
750,0.6408575322657594,118.50635084500706,0,True
751,0.2588931605820484,351.1953779276831,0,False
752,1.1685048747315072,624.1969376099946,500,False
753,1.4572970359739077,235.8654392315614,1000,True
754,3.4424693286632557,378.89677632076854,1000,False
755,2.799779038874145,278.7412098625901,0,True
756,3.341460210069892,670.6867506804213,0,False
757,2.259925166615375,376.00782256025946,0,False
758,1.3392313655584736,373.76309241088325,0,False
759,2.409350585842493,775.1958784357088,0,False
760,4.196267370886966,380.26226160097843,0,False
761,1.9832805369816846,402.2368607137335,0,False
762,2.6513570054429727,908.3903078887818,0,False
763,1.4310333120621195,368.6802112739848,500,False
764,0.21516047482875122,627.3884497490344,1000,False
765,2.389036566886689,761.8601837684948,0,False
766,2.383349299268301,252.17295173850871,500,True
767,1.7259244050757376,354.164886382296,0,False
768,1.1614527197542537,546.0868194605124,0,False
769,0.1830312865211035,630.1823772472115,1000,False
770,2.9691856472389233,610.9910779172207,500,False
771,3.867344824917843,436.53564686681136,0,False
772,7.405618707103411,673.5064732797654,0,False
773,0.6739916702853757,413.22242313466865,0,False
774,1.7834835577787838,502.6503976958544,0,False
775,1.990433505510374,366.78750447653715,500,False
776,2.397098070573675,268.92990985681564,0,True
777,3.389293789641743,510.7048085836807,500,False
778,0.5544314327583345,1031.9300651352733,500,False
779,0.421348776590853,377.70729073484745,0,False
780,3.5251044117537633,766.5138124294365,0,False
781,1.1814155485022158,185.8995508059242,0,True
782,2.3135816937453786,333.821485405557,0,False
783,0.8237778055745324,228.6035214657483,1000,True
784,1.052218175208817,550.6167897293832,0,False
785,3.7498780049986387,360.7321223735616,500,False
786,3.462920356950383,215.52001147228506,0,True
787,1.1871487181626126,271.7449816886273,0,True
788,0.7286302820462358,344.5773679467736,0,False
789,1.5716410668817276,861.5503701208528,0,False
790,2.0359355363679974,565.0660890506689,0,False
791,2.9135010570140047,423.59814234717555,0,False
792,0.5263166399930951,492.3412055297931,0,False
793,1.33575467968499,242.10375255729895,0,True
794,1.0426059516836037,261.5832961435301,0,True
795,2.490188896818472,194.7388674977878,0,True
796,0.8376864801976891,233.65452547672078,500,True
797,4.4434764227961,646.2362558991372,1000,False
798,1.276539009441819,358.67524187510946,0,False
799,3.081664503697163,413.33304540920284,0,False
800,1.9859881403375645,447.8096905361552,500,False
801,2.649362339822989,299.6482416894778,500,True
802,1.268311861866057,323.13335167928835,0,False
803,0.9527636322195865,1143.994905842989,0,False
804,0.825134302189977,326.17068319859624,0,False
805,3.018187853689946,536.8480045661616,500,False
806,1.140852602702148,912.1441401653713,500,False
807,2.770815955555222,454.66961530945025,0,False
808,0.46122793443807314,319.82922722012927,0,False
809,2.676325645902422,311.11943192822537,0,False
810,3.5645254338235794,232.29706365217416,0,True
811,0.19642282197085245,621.3807115089969,500,False
812,2.57170397112441,389.39483346330707,0,False
813,0.6761119866143979,572.2628621932275,0,False
814,1.088338519433045,631.7716098122869,500,False
815,1.0097596185978859,275.2861209399939,1000,True
816,4.829033429225056,247.99811318643302,1000,True
817,0.7110585199966659,451.20707252588403,0,False
818,1.4693933961962304,726.1015053178266,0,False
819,0.8533099812376806,409.1078470119496,0,False
820,1.382076418047093,439.8630650157933,0,False
821,0.5922035190549996,367.6848418286499,0,False
822,1.8437016341978827,528.9116900234668,1000,False
823,2.247056625328735,203.8701254609021,0,True
824,0.38790068348277174,367.4194373869402,0,False
825,1.5262500772216359,554.6833302695471,0,False
826,1.5653014584745664,453.5367162527665,0,False
827,1.4604541873238015,557.2856700516595,0,False
828,2.176244682197814,336.65528362611263,1000,False
829,1.7082194700370161,613.6550389750475,500,False
830,1.635087113138509,294.25024763813053,0,True
831,2.7123047213313294,311.74074222888515,0,False
832,0.5989091188965856,312.83690525970746,0,False
833,2.19499027069548,595.3492727432651,500,False
834,3.03683652485051,133.3808887260224,500,True
835,0.5438163676972881,605.8327133112025,0,False
836,1.677081233075494,467.7760622074196,0,False
837,3.370421531295973,457.3562953195303,0,False
838,2.0449679325905024,242.6639099454524,500,True
839,0.4593378386924582,234.4232828957438,0,True
840,0.8406463033944788,375.1930197767314,0,False
841,1.4951623100575429,342.9505984583954,0,False
842,3.1877551245311393,315.893394409515,500,False
843,3.2145536186262635,355.77090925513767,500,False
844,0.7797584385187782,335.3889232416349,0,False
845,5.898102901148498,355.22199314622213,0,False
846,2.4059484782934755,256.04403769370936,500,True
847,2.6945556649663183,424.01732616164463,0,False
848,0.6993341745693488,591.7455666754513,0,False
849,0.7016724346525043,333.92500703964373,500,False
850,1.3398603403856257,274.8105336064391,500,True
851,0.7423559948673232,657.5345951306848,500,False
852,0.9500564612288004,519.73689631001,0,False
853,1.6601342268818873,371.64620051967984,500,False
854,1.6825281780842793,273.8195146714149,0,True
855,1.0821241363662202,337.04291053963584,500,False
856,0.4623296654159794,372.51576820427863,500,False
857,2.752154949667528,190.97922447669956,0,True
858,2.9018478716922966,231.05037457463283,0,True
859,1.7659696929431128,731.9804868393063,0,False
860,2.5052076585660115,218.6418601121963,0,True
861,2.1466913122253106,515.2569326906273,0,False
862,2.4656402610605936,343.3516135314534,0,False
863,4.657864658767231,518.6792137044534,1000,False
864,1.406422627035979,510.0358535154781,0,False
865,4.114092327146703,923.5708265042912,0,False
866,3.3383447518835125,1020.4664935147886,0,False
867,1.3099964390677403,470.66512196223823,0,False
868,4.3421900966278635,706.6148229765633,0,False
869,2.7284624206684582,597.4192906232244,0,False
870,2.1584634050757487,514.5068340972102,500,False
871,1.6719477053468983,260.582425755947,500,True
872,1.8159644088313829,490.72141123310104,0,False
873,0.4171775042815331,375.05791856467704,1000,False
874,2.0542993215704572,659.5928328881191,1000,False
875,0.790221152320988,291.29127425351624,500,True
876,1.6783599995058507,273.50256466463077,500,True
877,1.2804088773203877,144.36436337460594,0,True
878,1.6561188309710904,429.0664750911376,0,False
879,0.5996420406208589,652.3839182881784,0,False
880,0.34428692854387766,368.79117931492783,0,False
881,1.4131744378528066,634.168296131112,0,False
882,3.80529279968841,472.31890907616406,0,False
883,0.9081061257112437,459.5300006767218,0,False
884,0.6504533104083112,505.59445120705817,0,False
885,0.8746290469832084,347.8182310788261,0,False
886,1.6606091253312594,666.7932354378497,0,False
887,1.4817090744119141,311.2511047341031,0,False
888,5.784101927244535,389.3537272943041,0,False
889,3.8517438990623187,223.96287007765252,0,True
890,2.2419685764680266,371.9421718139438,1000,False
891,2.2066236516142403,557.1303717161018,0,False
892,1.6268735888202421,370.4878090180967,0,False
893,4.6308268063455085,737.3374000868441,0,False
894,1.9530983500219978,614.0320765736633,0,False
895,3.0119568198855386,667.0878404427915,0,False
896,1.4457979815879571,359.44315941212136,0,False
897,1.4036243393856644,379.7383312724422,0,False
898,1.254376854862647,462.15601208888785,0,False
899,1.477378382703973,408.24819338423856,0,False
900,1.826310861855719,307.9236415505903,500,False
901,0.4765363458803589,210.70956700999164,500,True
902,4.683551161643735,312.1814954363999,0,False
903,1.3371729146568092,353.4102088503397,0,False
904,1.4461647993542446,278.7092375322567,500,True
905,2.7205415337620322,523.6074333940045,0,False
906,0.36743187079817213,1157.9392093657355,0,False
907,0.9281877469094426,554.8893976235667,500,False
908,2.7890074480668634,571.813694361948,0,False
909,0.6018493274304408,399.39230349595476,0,False
910,4.500474643412627,434.3641855890441,500,False
911,2.097638240778259,611.5830387289111,0,False
912,7.162676635497145,616.0151367765836,0,False
913,0.22153512316137738,638.2740985853625,1000,False
914,1.2534718261808515,890.7587241607521,0,False
915,2.179526703123916,346.00884042495306,0,False
916,2.5915440303718653,342.87155399417276,0,False
917,0.687254131758321,374.9559418325133,0,False
918,3.8458194462043647,194.46297486316746,500,True
919,1.8523756987092763,321.34859085138777,0,False
920,0.48746273578010824,1261.558033933162,500,False
921,1.1608896677508393,362.85523974270546,500,False
922,0.999492646761613,337.9179999951609,0,False
923,1.2157566719752722,404.94993489503315,0,False
924,4.1351574350178035,270.5457194296707,0,True
925,0.14906402411326242,298.8728622709946,1000,True
926,0.7670077091620463,333.3550281531035,0,False
927,0.4221501548337766,464.6465338012644,1000,False
928,3.568957663237224,508.79731764479857,500,False
929,1.422222456799068,230.18340418944697,0,True
930,0.8093627419644781,644.1904729998217,500,False
931,4.009531023061256,269.4884932739516,500,True
932,1.1635375727455262,394.8778987988954,0,False
933,3.1001413930836543,451.46936187331136,0,False
934,4.189509264773795,362.9692772653984,0,False
935,3.1179200078889497,527.4477375761152,0,False
936,1.8971152150764226,335.46269631646754,500,False
937,0.31653852450159703,219.37989273405174,1000,True
938,0.9031736292964847,231.43848424849736,1000,True
939,3.4307482997516545,223.6607764598114,0,True
940,1.956489712068179,211.98053107887927,0,True
941,3.1111374542607635,759.2515562763863,0,False
942,0.9160110722244621,364.80529325075815,0,False
943,0.7729219006639805,310.9432903377133,0,False
944,2.058519572820685,773.1529099270018,1000,False
945,0.29633578075342565,518.8582422797917,1000,False
946,1.2114870802129147,185.5867111494697,0,True
947,0.5473193848471289,248.72452534316668,0,True
948,3.2535668115823073,500.56600730574434,0,False
949,2.69441029861139,702.4671639717941,0,False
950,7.585262797118292,255.089676628273,0,True
951,0.9781960761676939,437.6653187687539,1000,False
952,0.9165538866879102,362.857772412979,0,False
953,2.4932181999347276,641.133974165107,500,False
954,3.6218463730120742,529.7934762121034,0,False
955,1.9692325082768258,493.26407468387265,500,False
956,0.2936566621016411,786.513271319026,500,False
957,3.135667028251765,338.2106220881031,0,False
958,2.5290594316349746,285.39399055684083,0,True
959,4.423795025871503,293.34239123090595,1000,True
960,2.0019209858199947,376.750985519463,500,False
961,9.24988730289816,474.318717377197,0,False
962,1.8734944615627012,349.7259875933662,0,False
963,1.3568736110106465,331.80084918842357,500,False
964,2.725236615327584,326.88890488215173,0,False
965,1.755074696290198,193.10392852947498,0,True
966,1.5210755238860225,391.64290754029514,1000,False
967,1.1509714796923607,333.26963067861806,0,False
968,0.5402142153439353,461.858004924375,0,False
969,3.1341479700556842,533.6526601551042,0,False
970,3.617179287617781,470.21253449014307,0,False
971,1.5217507982573315,427.3708544629992,0,False
972,1.5965650226281367,332.8831304563464,0,False
973,2.6174445308322194,314.0148640092139,0,False
974,2.518489306812773,119.32877659637983,0,True
975,0.9947639806814185,339.2108874846322,0,False
976,0.39879756020276946,662.8380198587182,1000,False
977,0.6364267737014715,402.65211637655614,0,False
978,1.1537688330763374,936.7245853391439,0,False
979,2.866562254408819,201.1251491868935,500,True
980,1.236262353561384,396.8938228947516,0,False
981,1.6363632238805306,366.27318792560857,0,False
982,0.965014643978572,298.745448635416,0,True
983,0.7673901543511402,442.9740587473687,0,False
984,0.5974698798833363,420.66639796695625,1000,False
985,1.8437081349885407,810.3830617313204,0,False
986,1.0754720424360578,298.50810421351775,0,True
987,0.7122558718745874,268.3278180249045,500,True
988,2.2677552104527376,754.0782720532551,0,False
989,1.316955186190992,367.0965073848532,0,False
990,1.598590852134015,322.46463414509265,0,False
991,1.8352727950985426,417.29311719815587,1000,False
992,1.374923132559833,346.14602675666043,0,False
993,1.605369085442142,333.41415744601056,0,False
994,3.840382902379344,271.49973058682764,0,True
995,0.7167572306561548,450.4958118710191,0,False
996,0.044980288047124756,327.64486432498677,1000,False
997,7.670913155391914,563.5944386664072,500,False
998,1.8026768071277575,352.54589991556435,500,False
999,1.0252084164468327,557.1035306310002,500,False
1000,3.854365016111706,562.4973280343565,500,False
