farmer_id,coffee_area_ha,total_land_ha,baseline_yield_kg_ha,debt_etb,savings_etb,diversification_level,risk_tolerance,household_size,region,baseline_coffee_production_kg,baseline_coffee_income_etb,poverty_risk
1,0.72,1.22,594,2371,1390,0.005,0.116,5,"Jimma Zone, Ethiopia",428.0,14980.0,0
2,0.51,0.93,515,3512,2389,0.23,0.54,3,"Jimma Zone, Ethiopia",263.0,9205.0,0
3,0.78,1.85,707,8967,213,0.165,0.432,8,"Jimma Zone, Ethiopia",551.0,19285.0,1
4,1.27,2.42,891,517,230,0.2,0.488,6,"Jimma Zone, Ethiopia",1132.0,39620.0,1
5,0.48,0.82,312,1891,471,0.319,0.224,9,"Jimma Zone, Ethiopia",150.0,5250.0,1
6,0.48,1.91,671,13245,1825,0.16,0.36,8,"Jimma Zone, Ethiopia",322.0,11270.0,1
7,1.31,1.67,621,1271,602,0.296,0.341,7,"Jimma Zone, Ethiopia",814.0,28490.0,1
8,0.84,1.79,771,3356,833,0.211,0.545,6,"Jimma Zone, Ethiopia",648.0,22680.0,1
9,0.42,1.57,688,16000,1278,0.152,0.173,5,"Jimma Zone, Ethiopia",289.0,10115.0,1
10,0.74,2.08,515,1347,4177,0.23,0.189,7,"Jimma Zone, Ethiopia",381.0,13335.0,0
11,0.43,1.58,593,691,35,0.284,0.18,5,"Jimma Zone, Ethiopia",255.0,8925.0,1
12,0.42,1.69,507,5302,2620,0.291,0.161,5,"Jimma Zone, Ethiopia",213.0,7455.0,1
13,0.63,1.33,844,2881,2763,0.01,0.171,3,"Jimma Zone, Ethiopia",532.0,18620.0,0
14,0.2,1.48,654,6630,4007,0.328,0.361,6,"Jimma Zone, Ethiopia",131.0,4585.0,0
15,0.21,0.8,992,13029,6748,0.241,0.419,8,"Jimma Zone, Ethiopia",208.0,7280.0,1
16,0.4,1.78,639,1180,51,0.021,0.167,8,"Jimma Zone, Ethiopia",256.0,8960.0,1
17,0.31,1.27,522,6953,417,0.359,0.363,6,"Jimma Zone, Ethiopia",162.0,5670.0,1
18,0.65,1.93,378,5634,5433,0.249,0.421,4,"Jimma Zone, Ethiopia",246.0,8610.0,0
19,0.33,1.18,325,1245,1534,0.564,0.541,7,"Jimma Zone, Ethiopia",107.0,3745.0,0
20,0.25,1.32,365,7825,2079,0.103,0.095,6,"Jimma Zone, Ethiopia",91.0,3185.0,1
21,1.23,2.16,698,2558,2719,0.334,0.432,5,"Jimma Zone, Ethiopia",859.0,30065.0,0
22,0.48,1.66,742,5353,2841,0.177,0.424,3,"Jimma Zone, Ethiopia",356.0,12460.0,1
23,0.57,0.97,365,687,6711,0.437,0.37,9,"Jimma Zone, Ethiopia",208.0,7280.0,0
24,0.25,0.8,811,4923,14481,0.225,0.245,7,"Jimma Zone, Ethiopia",203.0,7105.0,0
25,0.41,1.0,563,2928,3184,0.56,0.17,7,"Jimma Zone, Ethiopia",231.0,8085.0,0
26,0.58,1.07,676,13825,846,0.059,0.136,4,"Jimma Zone, Ethiopia",392.0,13720.0,1
27,0.29,1.64,940,469,5296,0.255,0.511,6,"Jimma Zone, Ethiopia",273.0,9555.0,0
28,0.67,1.24,811,4339,126,0.331,0.148,6,"Jimma Zone, Ethiopia",543.0,19005.0,1
29,0.39,1.87,602,4906,657,0.343,0.164,7,"Jimma Zone, Ethiopia",235.0,8225.0,1
30,0.47,1.17,490,10328,5692,0.472,0.405,8,"Jimma Zone, Ethiopia",230.0,8050.0,1
31,0.39,0.91,300,6832,740,0.266,0.076,3,"Jimma Zone, Ethiopia",117.0,4095.0,1
32,1.52,2.77,521,8802,623,0.04,0.458,4,"Jimma Zone, Ethiopia",792.0,27720.0,1
33,0.54,1.64,612,12006,372,0.125,0.278,7,"Jimma Zone, Ethiopia",330.0,11550.0,1
34,0.31,1.2,472,15856,4899,0.074,0.491,5,"Jimma Zone, Ethiopia",146.0,5110.0,1
35,0.86,1.83,626,3014,1733,0.612,0.247,7,"Jimma Zone, Ethiopia",538.0,18830.0,0
36,0.28,1.44,664,6178,2809,0.18,0.333,5,"Jimma Zone, Ethiopia",186.0,6510.0,1
37,0.62,1.19,610,14666,683,0.167,0.439,3,"Jimma Zone, Ethiopia",378.0,13230.0,1
38,0.2,1.7,533,36414,3547,0.299,0.636,3,"Jimma Zone, Ethiopia",107.0,3745.0,1
39,0.26,1.73,680,17623,3568,0.325,0.267,7,"Jimma Zone, Ethiopia",177.0,6195.0,1
40,0.61,1.69,730,3715,937,0.206,0.237,7,"Jimma Zone, Ethiopia",445.0,15575.0,1
41,0.82,1.36,454,1737,1322,0.273,0.18,7,"Jimma Zone, Ethiopia",372.0,13020.0,0
42,0.6,1.72,904,5377,588,0.363,0.359,6,"Jimma Zone, Ethiopia",542.0,18970.0,1
43,0.51,0.9,632,10827,9383,0.106,0.536,3,"Jimma Zone, Ethiopia",322.0,11270.0,0
44,0.47,0.8,653,5427,2593,0.293,0.489,7,"Jimma Zone, Ethiopia",307.0,10745.0,1
45,0.24,0.85,777,5280,6816,0.259,0.508,3,"Jimma Zone, Ethiopia",186.0,6510.0,0
46,0.37,1.22,692,14573,904,0.387,0.548,3,"Jimma Zone, Ethiopia",256.0,8960.0,1
47,0.43,1.77,822,3588,3807,0.4,0.259,3,"Jimma Zone, Ethiopia",353.0,12355.0,0
48,0.98,2.15,702,15717,3630,0.146,0.035,3,"Jimma Zone, Ethiopia",688.0,24080.0,1
49,0.66,1.85,540,4178,2941,0.044,0.264,6,"Jimma Zone, Ethiopia",356.0,12460.0,0
50,0.21,1.02,715,3183,8427,0.229,0.522,4,"Jimma Zone, Ethiopia",150.0,5250.0,0
51,0.66,1.37,444,4841,1250,0.303,0.198,3,"Jimma Zone, Ethiopia",293.0,10255.0,1
52,0.44,1.19,670,11499,350,0.461,0.521,6,"Jimma Zone, Ethiopia",295.0,10325.0,1
53,0.38,1.86,644,1077,2785,0.084,0.354,4,"Jimma Zone, Ethiopia",245.0,8575.0,0
54,0.77,1.12,613,1749,3267,0.048,0.382,7,"Jimma Zone, Ethiopia",472.0,16520.0,0
55,0.97,2.31,627,24200,2140,0.107,0.52,8,"Jimma Zone, Ethiopia",608.0,21280.0,1
56,0.92,1.91,311,1544,579,0.044,0.282,5,"Jimma Zone, Ethiopia",286.0,10010.0,1
57,0.35,1.17,551,6710,1755,0.274,0.657,8,"Jimma Zone, Ethiopia",193.0,6755.0,1
58,0.46,1.63,667,6927,936,0.237,0.385,8,"Jimma Zone, Ethiopia",307.0,10745.0,1
59,0.66,1.54,679,5381,1394,0.293,0.693,6,"Jimma Zone, Ethiopia",448.0,15680.0,1
60,0.94,2.29,465,8279,2591,0.108,0.39,9,"Jimma Zone, Ethiopia",437.0,15295.0,1
61,0.42,1.8,878,2089,3418,0.349,0.266,5,"Jimma Zone, Ethiopia",369.0,12915.0,0
62,0.5,1.3,494,6436,661,0.13,0.528,3,"Jimma Zone, Ethiopia",247.0,8645.0,1
63,0.3,0.93,825,3724,1299,0.241,0.401,3,"Jimma Zone, Ethiopia",248.0,8680.0,1
64,0.28,1.3,727,8670,784,0.577,0.142,4,"Jimma Zone, Ethiopia",204.0,7140.0,1
65,0.86,2.25,534,1218,554,0.117,0.655,7,"Jimma Zone, Ethiopia",459.0,16065.0,1
66,1.16,1.71,970,6768,3824,0.138,0.433,4,"Jimma Zone, Ethiopia",1125.0,39375.0,0
67,0.53,1.58,435,1639,5999,0.098,0.647,4,"Jimma Zone, Ethiopia",231.0,8085.0,0
68,0.95,2.01,815,2613,1156,0.146,0.406,3,"Jimma Zone, Ethiopia",774.0,27090.0,1
69,0.67,1.85,830,1974,3479,0.463,0.218,5,"Jimma Zone, Ethiopia",556.0,19460.0,0
70,0.38,0.84,529,1615,5682,0.494,0.427,8,"Jimma Zone, Ethiopia",201.0,7035.0,0
71,0.67,1.83,901,13976,4679,0.255,0.448,6,"Jimma Zone, Ethiopia",604.0,21140.0,1
72,1.28,2.67,605,2692,505,0.227,0.247,5,"Jimma Zone, Ethiopia",774.0,27090.0,1
73,0.54,1.05,702,20952,7826,0.082,0.291,8,"Jimma Zone, Ethiopia",379.0,13265.0,1
74,1.3,1.88,697,28033,1182,0.178,0.352,6,"Jimma Zone, Ethiopia",906.0,31710.0,1
75,0.2,1.67,626,6775,1036,0.065,0.648,6,"Jimma Zone, Ethiopia",125.0,4375.0,1
76,0.86,1.38,796,1235,161,0.448,0.095,8,"Jimma Zone, Ethiopia",685.0,23975.0,1
77,0.58,1.9,793,3754,1665,0.027,0.332,5,"Jimma Zone, Ethiopia",460.0,16100.0,1
78,0.47,1.36,335,12785,289,0.598,0.603,7,"Jimma Zone, Ethiopia",157.0,5495.0,1
79,0.58,1.17,885,3663,714,0.236,0.152,7,"Jimma Zone, Ethiopia",513.0,17955.0,1
80,0.2,1.54,351,728,953,0.254,0.894,5,"Jimma Zone, Ethiopia",70.0,2450.0,0
81,0.49,1.32,836,6510,4136,0.508,0.541,3,"Jimma Zone, Ethiopia",410.0,14350.0,0
82,0.67,1.59,853,14921,5208,0.148,0.173,6,"Jimma Zone, Ethiopia",572.0,20020.0,1
83,1.24,1.97,454,12714,901,0.201,0.384,8,"Jimma Zone, Ethiopia",563.0,19705.0,1
84,0.41,1.42,576,1540,4892,0.401,0.24,7,"Jimma Zone, Ethiopia",236.0,8260.0,0
85,0.35,0.85,451,8937,4866,0.406,0.244,9,"Jimma Zone, Ethiopia",158.0,5530.0,1
86,0.42,1.19,611,1993,3617,0.234,0.402,5,"Jimma Zone, Ethiopia",257.0,8995.0,0
87,0.91,2.37,595,1969,397,0.233,0.072,7,"Jimma Zone, Ethiopia",541.0,18935.0,1
88,0.66,1.27,790,16576,2931,0.521,0.086,4,"Jimma Zone, Ethiopia",521.0,18235.0,1
89,0.41,1.5,886,2298,7252,0.175,0.409,6,"Jimma Zone, Ethiopia",363.0,12705.0,0
90,0.73,1.42,901,2444,2869,0.193,0.294,8,"Jimma Zone, Ethiopia",658.0,23030.0,0
91,0.58,1.81,549,5,1007,0.313,0.438,7,"Jimma Zone, Ethiopia",318.0,11130.0,0
92,0.93,1.39,612,16363,1736,0.201,0.376,6,"Jimma Zone, Ethiopia",569.0,19915.0,1
93,0.37,1.84,347,12585,2594,0.182,0.228,5,"Jimma Zone, Ethiopia",128.0,4480.0,1
94,0.46,1.3,505,7896,1786,0.319,0.477,4,"Jimma Zone, Ethiopia",232.0,8120.0,1
95,0.44,1.03,824,11099,319,0.368,0.417,5,"Jimma Zone, Ethiopia",363.0,12705.0,1
96,0.25,0.8,941,1319,935,0.113,0.838,3,"Jimma Zone, Ethiopia",235.0,8225.0,0
97,0.65,1.15,428,4905,4054,0.236,0.278,5,"Jimma Zone, Ethiopia",278.0,9730.0,0
98,0.63,1.56,543,3461,4941,0.444,0.187,3,"Jimma Zone, Ethiopia",342.0,11970.0,0
99,0.55,1.25,645,788,369,0.318,0.555,3,"Jimma Zone, Ethiopia",355.0,12425.0,1
100,0.48,1.78,700,5326,7612,0.25,0.352,7,"Jimma Zone, Ethiopia",336.0,11760.0,0
101,0.25,1.07,504,20280,997,0.296,0.205,7,"Jimma Zone, Ethiopia",126.0,4410.0,1
102,0.44,1.03,726,327,2714,0.081,0.412,5,"Jimma Zone, Ethiopia",319.0,11165.0,0
103,0.45,1.5,565,2756,3484,0.194,0.431,6,"Jimma Zone, Ethiopia",254.0,8890.0,0
104,0.35,1.5,647,1861,4178,0.118,0.367,6,"Jimma Zone, Ethiopia",226.0,7910.0,0
105,0.5,1.0,748,2176,7285,0.256,0.465,7,"Jimma Zone, Ethiopia",374.0,13090.0,0
106,0.69,1.19,651,19126,938,0.492,0.259,6,"Jimma Zone, Ethiopia",449.0,15715.0,1
107,1.55,1.89,571,5050,4889,0.107,0.557,3,"Jimma Zone, Ethiopia",885.0,30975.0,0
108,0.6,1.79,630,5023,353,0.218,0.449,3,"Jimma Zone, Ethiopia",378.0,13230.0,1
109,0.63,1.73,634,11436,3052,0.134,0.169,4,"Jimma Zone, Ethiopia",399.0,13965.0,1
110,0.53,1.4,583,1343,3387,0.103,0.48,5,"Jimma Zone, Ethiopia",309.0,10815.0,0
111,0.2,1.51,603,5344,2831,0.286,0.284,7,"Jimma Zone, Ethiopia",121.0,4235.0,1
112,0.54,1.81,938,4497,727,0.089,0.866,6,"Jimma Zone, Ethiopia",507.0,17745.0,1
113,0.57,1.57,751,7269,5160,0.301,0.276,7,"Jimma Zone, Ethiopia",428.0,14980.0,0
114,2.13,3.47,597,45000,462,0.315,0.185,4,"Jimma Zone, Ethiopia",1272.0,44520.0,1
115,0.49,1.04,775,11738,138,0.146,0.25,6,"Jimma Zone, Ethiopia",380.0,13300.0,1
116,0.65,1.08,590,4058,3160,0.238,0.344,6,"Jimma Zone, Ethiopia",384.0,13440.0,0
117,0.54,1.16,861,14061,1613,0.639,0.311,4,"Jimma Zone, Ethiopia",465.0,16275.0,1
118,0.29,0.8,717,1497,4728,0.023,0.47,4,"Jimma Zone, Ethiopia",208.0,7280.0,0
119,1.03,1.97,631,247,1209,0.187,0.144,5,"Jimma Zone, Ethiopia",650.0,22750.0,0
120,0.83,2.25,731,1830,461,0.532,0.205,7,"Jimma Zone, Ethiopia",607.0,21245.0,1
121,0.85,1.2,367,3329,4526,0.301,0.373,4,"Jimma Zone, Ethiopia",312.0,10920.0,0
122,0.33,0.8,447,5716,1990,0.335,0.145,5,"Jimma Zone, Ethiopia",148.0,5180.0,1
123,1.19,2.03,435,7639,524,0.481,0.52,8,"Jimma Zone, Ethiopia",518.0,18130.0,1
124,0.25,1.67,676,19318,3186,0.406,0.217,5,"Jimma Zone, Ethiopia",169.0,5915.0,1
125,0.76,1.44,962,5704,1789,0.288,0.299,6,"Jimma Zone, Ethiopia",731.0,25585.0,1
126,1.83,2.74,1052,5566,2318,0.342,0.148,6,"Jimma Zone, Ethiopia",1925.0,67375.0,1
127,0.32,0.8,765,412,1545,0.114,0.129,5,"Jimma Zone, Ethiopia",245.0,8575.0,0
128,0.4,0.88,740,284,4411,0.195,0.601,9,"Jimma Zone, Ethiopia",296.0,10360.0,0
129,0.58,2.06,326,6409,4423,0.481,0.311,6,"Jimma Zone, Ethiopia",189.0,6615.0,0
130,0.42,1.87,552,4613,3089,0.489,0.216,3,"Jimma Zone, Ethiopia",232.0,8120.0,0
131,0.23,0.8,508,14620,278,0.255,0.525,8,"Jimma Zone, Ethiopia",117.0,4095.0,1
132,0.57,2.01,538,1401,4564,0.211,0.817,6,"Jimma Zone, Ethiopia",307.0,10745.0,0
133,0.31,1.37,620,202,2779,0.115,0.324,5,"Jimma Zone, Ethiopia",192.0,6720.0,0
134,0.71,2.05,565,4769,2985,0.337,0.554,8,"Jimma Zone, Ethiopia",401.0,14035.0,0
135,0.33,1.18,300,2169,1127,0.023,0.56,4,"Jimma Zone, Ethiopia",99.0,3465.0,1
136,1.29,2.21,785,407,5286,0.123,0.426,9,"Jimma Zone, Ethiopia",1013.0,35455.0,0
137,0.36,1.24,457,10316,3231,0.286,0.32,6,"Jimma Zone, Ethiopia",165.0,5775.0,1
138,0.46,1.56,693,947,299,0.268,0.744,8,"Jimma Zone, Ethiopia",319.0,11165.0,1
139,0.86,1.33,1023,7498,1310,0.215,0.186,11,"Jimma Zone, Ethiopia",880.0,30800.0,1
140,0.28,0.8,485,2640,5437,0.2,0.642,6,"Jimma Zone, Ethiopia",136.0,4760.0,0
141,0.62,1.29,300,1524,121,0.055,0.307,6,"Jimma Zone, Ethiopia",186.0,6510.0,1
142,1.13,2.27,599,3821,8137,0.494,0.278,4,"Jimma Zone, Ethiopia",677.0,23695.0,0
143,0.23,0.8,848,12934,2842,0.127,0.137,5,"Jimma Zone, Ethiopia",195.0,6825.0,1
144,0.61,1.72,1003,3982,2495,0.277,0.312,4,"Jimma Zone, Ethiopia",612.0,21420.0,0
145,0.63,2.1,429,11115,789,0.526,0.194,5,"Jimma Zone, Ethiopia",270.0,9450.0,1
146,0.84,1.26,739,1073,715,0.371,0.583,11,"Jimma Zone, Ethiopia",621.0,21735.0,0
147,0.28,1.39,566,11854,7121,0.556,0.419,6,"Jimma Zone, Ethiopia",158.0,5530.0,0
148,0.27,1.1,631,2163,886,0.122,0.47,5,"Jimma Zone, Ethiopia",170.0,5950.0,1
149,0.73,2.07,1126,9051,3735,0.175,0.29,5,"Jimma Zone, Ethiopia",822.0,28770.0,1
150,0.65,1.16,379,6674,1249,0.424,0.515,5,"Jimma Zone, Ethiopia",246.0,8610.0,1
151,0.63,1.76,696,21177,375,0.205,0.205,8,"Jimma Zone, Ethiopia",438.0,15330.0,1
152,0.66,1.97,734,3919,27,0.103,0.263,6,"Jimma Zone, Ethiopia",484.0,16940.0,1
153,0.38,1.81,845,548,1965,0.573,0.234,9,"Jimma Zone, Ethiopia",321.0,11235.0,0
154,0.62,1.74,668,155,9301,0.164,0.49,5,"Jimma Zone, Ethiopia",414.0,14490.0,0
155,0.64,1.54,705,14029,1152,0.269,0.242,5,"Jimma Zone, Ethiopia",451.0,15785.0,1
156,0.37,1.41,580,5951,1105,0.23,0.485,4,"Jimma Zone, Ethiopia",215.0,7525.0,1
157,1.53,2.87,698,11942,1054,0.254,0.056,5,"Jimma Zone, Ethiopia",1068.0,37380.0,1
158,0.71,1.7,588,2137,1838,0.139,0.697,3,"Jimma Zone, Ethiopia",417.0,14595.0,0
159,0.29,0.8,762,3386,1453,0.021,0.303,3,"Jimma Zone, Ethiopia",221.0,7735.0,1
160,0.79,2.2,583,245,5299,0.301,0.513,7,"Jimma Zone, Ethiopia",461.0,16135.0,0
161,0.32,1.45,718,26055,1761,0.313,0.053,3,"Jimma Zone, Ethiopia",230.0,8050.0,1
162,0.85,1.96,645,8818,1772,0.06,0.099,6,"Jimma Zone, Ethiopia",548.0,19180.0,1
163,1.04,1.6,853,21649,372,0.17,0.715,5,"Jimma Zone, Ethiopia",887.0,31045.0,1
164,0.35,1.44,641,2468,10148,0.061,0.176,7,"Jimma Zone, Ethiopia",224.0,7840.0,0
165,0.93,1.7,331,7563,719,0.375,0.451,3,"Jimma Zone, Ethiopia",308.0,10780.0,1
166,0.69,1.77,877,9078,190,0.064,0.579,7,"Jimma Zone, Ethiopia",605.0,21175.0,1
167,0.86,1.29,487,3057,2720,0.307,0.198,6,"Jimma Zone, Ethiopia",419.0,14665.0,0
168,1.56,2.65,532,15077,2262,0.329,0.868,6,"Jimma Zone, Ethiopia",830.0,29050.0,1
169,0.48,1.98,543,23524,1341,0.209,0.229,8,"Jimma Zone, Ethiopia",261.0,9135.0,1
170,0.36,0.8,897,17293,1371,0.557,0.346,6,"Jimma Zone, Ethiopia",323.0,11305.0,1
171,0.34,1.81,300,10748,3844,0.012,0.165,3,"Jimma Zone, Ethiopia",102.0,3570.0,1
172,0.35,1.14,1200,2600,544,0.358,0.698,7,"Jimma Zone, Ethiopia",420.0,14700.0,1
173,0.53,1.87,840,2646,4291,0.301,0.359,6,"Jimma Zone, Ethiopia",445.0,15575.0,0
174,0.66,1.9,690,26453,2616,0.443,0.33,5,"Jimma Zone, Ethiopia",455.0,15925.0,1
175,0.64,1.62,640,83,1357,0.577,0.15,4,"Jimma Zone, Ethiopia",410.0,14350.0,0
176,0.86,2.05,701,10072,1531,0.246,0.393,5,"Jimma Zone, Ethiopia",603.0,21105.0,1
177,0.55,1.91,744,9800,741,0.194,0.158,8,"Jimma Zone, Ethiopia",409.0,14315.0,1
178,1.22,2.01,766,7797,3487,0.478,0.152,4,"Jimma Zone, Ethiopia",935.0,32725.0,1
179,0.47,1.17,750,36929,1798,0.133,0.226,3,"Jimma Zone, Ethiopia",352.0,12320.0,1
180,2.45,3.55,666,2990,967,0.384,0.081,3,"Jimma Zone, Ethiopia",1632.0,57120.0,1
181,0.77,2.04,614,3324,2266,0.276,0.156,6,"Jimma Zone, Ethiopia",473.0,16555.0,0
182,0.34,1.56,623,658,13643,0.526,0.394,9,"Jimma Zone, Ethiopia",212.0,7420.0,0
183,0.3,1.56,615,4679,1428,0.057,0.357,10,"Jimma Zone, Ethiopia",184.0,6440.0,1
184,0.72,1.54,854,2420,6336,0.046,0.183,7,"Jimma Zone, Ethiopia",615.0,21525.0,0
185,0.49,1.77,757,3365,1058,0.175,0.453,4,"Jimma Zone, Ethiopia",371.0,12985.0,1
186,0.81,1.26,300,14394,141,0.242,0.502,4,"Jimma Zone, Ethiopia",243.0,8505.0,1
187,0.71,1.67,768,21927,571,0.36,0.521,7,"Jimma Zone, Ethiopia",545.0,19075.0,1
188,0.53,0.83,685,1644,1356,0.109,0.602,8,"Jimma Zone, Ethiopia",363.0,12705.0,0
189,0.34,1.03,647,3728,620,0.03,0.293,5,"Jimma Zone, Ethiopia",220.0,7700.0,1
190,0.24,0.98,580,21119,1,0.647,0.228,8,"Jimma Zone, Ethiopia",139.0,4865.0,1
191,0.43,1.2,852,510,6163,0.17,0.336,5,"Jimma Zone, Ethiopia",366.0,12810.0,0
192,0.88,2.01,821,775,4643,0.403,0.408,7,"Jimma Zone, Ethiopia",722.0,25270.0,0
193,0.62,1.38,511,1421,3390,0.091,0.522,8,"Jimma Zone, Ethiopia",317.0,11095.0,0
194,0.28,1.12,723,7235,459,0.185,0.1,3,"Jimma Zone, Ethiopia",202.0,7070.0,1
195,0.6,1.19,475,1305,321,0.066,0.478,7,"Jimma Zone, Ethiopia",285.0,9975.0,1
196,0.68,1.43,402,27555,175,0.601,0.286,8,"Jimma Zone, Ethiopia",273.0,9555.0,1
197,0.34,0.91,537,4735,3219,0.154,0.317,5,"Jimma Zone, Ethiopia",183.0,6405.0,0
198,0.6,0.99,805,5570,6606,0.05,0.376,4,"Jimma Zone, Ethiopia",483.0,16905.0,0
199,0.57,1.59,822,2266,1408,0.492,0.216,7,"Jimma Zone, Ethiopia",469.0,16415.0,0
200,0.29,1.39,742,5094,317,0.176,0.382,6,"Jimma Zone, Ethiopia",215.0,7525.0,1
201,0.67,1.71,781,8676,1796,0.547,0.435,5,"Jimma Zone, Ethiopia",523.0,18305.0,1
202,0.75,1.6,743,11128,1072,0.272,0.419,6,"Jimma Zone, Ethiopia",557.0,19495.0,1
203,1.0,1.75,535,11215,1174,0.228,0.268,3,"Jimma Zone, Ethiopia",535.0,18725.0,1
204,0.98,2.32,728,6900,2428,0.384,0.302,6,"Jimma Zone, Ethiopia",713.0,24955.0,1
205,0.26,1.18,794,18777,3171,0.118,0.091,9,"Jimma Zone, Ethiopia",206.0,7210.0,1
206,0.33,1.2,786,13604,293,0.165,0.201,4,"Jimma Zone, Ethiopia",259.0,9065.0,1
207,0.73,1.06,864,11319,91,0.261,0.139,4,"Jimma Zone, Ethiopia",631.0,22085.0,1
208,0.73,1.44,777,458,12932,0.358,0.519,6,"Jimma Zone, Ethiopia",567.0,19845.0,0
209,0.73,1.48,713,55,662,0.236,0.241,11,"Jimma Zone, Ethiopia",520.0,18200.0,0
210,2.5,3.28,843,1911,138,0.033,0.381,8,"Jimma Zone, Ethiopia",2108.0,73780.0,1
211,0.75,1.75,645,8714,526,0.248,0.373,6,"Jimma Zone, Ethiopia",484.0,16940.0,1
212,1.02,1.97,491,4237,99,0.178,0.31,6,"Jimma Zone, Ethiopia",501.0,17535.0,1
213,0.93,1.96,621,4119,1243,0.232,0.177,8,"Jimma Zone, Ethiopia",578.0,20230.0,1
214,0.79,2.0,516,17274,4054,0.208,0.293,4,"Jimma Zone, Ethiopia",408.0,14280.0,1
215,0.46,1.74,528,18073,1044,0.206,0.6,7,"Jimma Zone, Ethiopia",243.0,8505.0,1
216,0.83,1.99,624,19191,1468,0.248,0.519,4,"Jimma Zone, Ethiopia",518.0,18130.0,1
217,0.36,1.81,507,3014,2814,0.404,0.64,7,"Jimma Zone, Ethiopia",183.0,6405.0,0
218,0.48,0.8,595,9397,1778,0.093,0.683,5,"Jimma Zone, Ethiopia",286.0,10010.0,1
219,0.42,0.96,309,2536,4941,0.174,0.329,6,"Jimma Zone, Ethiopia",130.0,4550.0,0
220,0.57,0.88,688,1692,5025,0.091,0.581,5,"Jimma Zone, Ethiopia",392.0,13720.0,0
221,1.96,3.04,650,1633,25,0.161,0.297,7,"Jimma Zone, Ethiopia",1274.0,44590.0,1
222,0.2,1.58,503,3350,3763,0.234,0.392,5,"Jimma Zone, Ethiopia",101.0,3535.0,0
223,0.8,1.39,769,4496,1544,0.088,0.363,10,"Jimma Zone, Ethiopia",615.0,21525.0,1
224,0.23,1.64,819,14220,11239,0.266,0.485,8,"Jimma Zone, Ethiopia",188.0,6580.0,0
225,0.42,0.8,361,1022,1650,0.263,0.591,3,"Jimma Zone, Ethiopia",152.0,5320.0,0
226,1.0,2.42,513,10622,10837,0.101,0.35,6,"Jimma Zone, Ethiopia",513.0,17955.0,0
227,0.57,1.29,512,6065,3512,0.17,0.385,7,"Jimma Zone, Ethiopia",292.0,10220.0,0
228,0.3,0.8,481,2717,715,0.029,0.326,5,"Jimma Zone, Ethiopia",144.0,5040.0,1
229,0.37,1.25,799,5431,1933,0.111,0.381,8,"Jimma Zone, Ethiopia",296.0,10360.0,1
230,0.8,1.41,615,2853,12114,0.158,0.407,8,"Jimma Zone, Ethiopia",492.0,17220.0,0
231,0.37,1.01,602,7252,4872,0.14,0.475,6,"Jimma Zone, Ethiopia",223.0,7805.0,0
232,0.62,1.29,300,4551,256,0.039,0.211,7,"Jimma Zone, Ethiopia",186.0,6510.0,1
233,0.56,1.83,764,1437,3064,0.08,0.231,3,"Jimma Zone, Ethiopia",428.0,14980.0,0
234,0.38,1.33,427,992,1060,0.189,0.561,8,"Jimma Zone, Ethiopia",162.0,5670.0,0
235,1.78,2.46,661,6330,18,0.451,0.427,7,"Jimma Zone, Ethiopia",1177.0,41195.0,1
236,0.78,1.81,700,18616,1292,0.342,0.309,4,"Jimma Zone, Ethiopia",546.0,19110.0,1
237,0.2,1.36,895,3372,669,0.233,0.716,6,"Jimma Zone, Ethiopia",179.0,6265.0,1
238,0.61,1.24,414,10564,4271,0.311,0.08,3,"Jimma Zone, Ethiopia",253.0,8855.0,1
239,0.38,1.18,300,8599,1029,0.483,0.357,4,"Jimma Zone, Ethiopia",114.0,3990.0,1
240,0.88,1.32,683,21454,4394,0.072,0.338,8,"Jimma Zone, Ethiopia",601.0,21035.0,1
241,0.35,0.87,974,13762,1,0.487,0.552,6,"Jimma Zone, Ethiopia",341.0,11935.0,1
242,0.52,1.63,873,6689,920,0.312,0.37,6,"Jimma Zone, Ethiopia",454.0,15890.0,1
243,0.72,1.24,688,8561,690,0.412,0.357,6,"Jimma Zone, Ethiopia",495.0,17325.0,1
244,0.88,1.81,562,18293,665,0.079,0.478,6,"Jimma Zone, Ethiopia",495.0,17325.0,1
245,0.28,1.43,795,4080,177,0.166,0.17,7,"Jimma Zone, Ethiopia",223.0,7805.0,1
246,0.46,0.88,475,3166,518,0.385,0.397,5,"Jimma Zone, Ethiopia",218.0,7630.0,1
247,0.42,1.4,736,87,2027,0.205,0.389,6,"Jimma Zone, Ethiopia",309.0,10815.0,0
248,0.38,0.99,741,14015,861,0.173,0.615,4,"Jimma Zone, Ethiopia",282.0,9870.0,1
249,1.45,2.9,841,12915,1351,0.488,0.773,7,"Jimma Zone, Ethiopia",1219.0,42665.0,1
250,0.69,1.57,1147,883,1182,0.201,0.606,5,"Jimma Zone, Ethiopia",791.0,27685.0,0
251,0.27,1.54,721,6880,5217,0.251,0.314,6,"Jimma Zone, Ethiopia",195.0,6825.0,0
252,0.91,1.87,558,4989,5893,0.467,0.212,5,"Jimma Zone, Ethiopia",508.0,17780.0,0
253,1.76,2.12,645,1011,1698,0.499,0.264,5,"Jimma Zone, Ethiopia",1135.0,39725.0,0
254,0.97,2.03,332,31527,1002,0.096,0.242,4,"Jimma Zone, Ethiopia",322.0,11270.0,1
255,0.24,1.68,525,1933,282,0.198,0.159,6,"Jimma Zone, Ethiopia",126.0,4410.0,1
256,0.42,1.44,576,557,7666,0.342,0.589,7,"Jimma Zone, Ethiopia",242.0,8470.0,0
257,1.1,2.38,556,7228,155,0.539,0.548,3,"Jimma Zone, Ethiopia",612.0,21420.0,1
258,0.37,1.73,677,10742,883,0.103,0.368,5,"Jimma Zone, Ethiopia",250.0,8750.0,1
259,0.7,1.27,502,264,885,0.355,0.328,6,"Jimma Zone, Ethiopia",351.0,12285.0,0
260,0.84,1.39,852,8600,966,0.196,0.502,5,"Jimma Zone, Ethiopia",716.0,25060.0,1
261,0.33,1.36,650,6079,449,0.469,0.371,5,"Jimma Zone, Ethiopia",214.0,7490.0,1
262,0.53,1.32,648,872,3822,0.111,0.309,9,"Jimma Zone, Ethiopia",343.0,12005.0,0
263,0.2,1.51,591,1515,327,0.48,0.319,4,"Jimma Zone, Ethiopia",118.0,4130.0,1
264,0.31,1.69,678,6714,2519,0.325,0.584,3,"Jimma Zone, Ethiopia",210.0,7350.0,1
265,0.48,1.2,799,2812,331,0.176,0.226,5,"Jimma Zone, Ethiopia",384.0,13440.0,1
266,0.28,0.86,494,22286,183,0.052,0.555,5,"Jimma Zone, Ethiopia",138.0,4830.0,1
267,1.35,2.58,532,13663,6004,0.299,0.442,5,"Jimma Zone, Ethiopia",718.0,25130.0,1
268,0.25,0.88,595,32868,527,0.216,0.698,6,"Jimma Zone, Ethiopia",149.0,5215.0,1
269,0.43,1.72,408,2405,4304,0.034,0.294,4,"Jimma Zone, Ethiopia",175.0,6125.0,0
270,0.59,1.4,503,27979,1967,0.488,0.163,4,"Jimma Zone, Ethiopia",297.0,10395.0,1
271,1.21,2.31,564,4514,203,0.176,0.426,4,"Jimma Zone, Ethiopia",682.0,23870.0,1
272,0.25,0.8,807,3416,7778,0.456,0.2,5,"Jimma Zone, Ethiopia",202.0,7070.0,0
273,1.04,2.09,697,413,709,0.315,0.19,10,"Jimma Zone, Ethiopia",725.0,25375.0,0
274,0.55,1.39,685,434,4909,0.5,0.647,8,"Jimma Zone, Ethiopia",377.0,13195.0,0
275,0.32,1.32,803,9422,462,0.013,0.624,3,"Jimma Zone, Ethiopia",257.0,8995.0,1
276,0.71,1.21,625,4899,4809,0.262,0.356,3,"Jimma Zone, Ethiopia",444.0,15540.0,0
277,0.61,1.8,720,2055,33,0.597,0.365,6,"Jimma Zone, Ethiopia",439.0,15365.0,1
278,0.39,1.73,631,7615,1792,0.109,0.363,9,"Jimma Zone, Ethiopia",246.0,8610.0,1
279,0.57,1.13,698,2332,3668,0.253,0.51,7,"Jimma Zone, Ethiopia",398.0,13930.0,0
280,0.44,0.86,545,6895,6826,0.067,0.295,6,"Jimma Zone, Ethiopia",240.0,8400.0,0
281,0.58,0.91,300,3560,5998,0.588,0.041,5,"Jimma Zone, Ethiopia",174.0,6090.0,0
282,0.79,1.86,626,13878,4282,0.182,0.172,8,"Jimma Zone, Ethiopia",495.0,17325.0,1
283,1.31,2.34,906,13749,5477,0.277,0.242,6,"Jimma Zone, Ethiopia",1187.0,41545.0,1
284,0.28,1.23,817,5191,555,0.209,0.302,9,"Jimma Zone, Ethiopia",229.0,8015.0,1
285,1.77,2.35,824,3456,836,0.386,0.511,3,"Jimma Zone, Ethiopia",1458.0,51030.0,1
286,0.2,0.97,873,3602,853,0.144,0.617,6,"Jimma Zone, Ethiopia",175.0,6125.0,1
287,0.5,1.52,666,13107,1183,0.186,0.243,5,"Jimma Zone, Ethiopia",333.0,11655.0,1
288,0.76,1.65,686,3182,1249,0.224,0.37,6,"Jimma Zone, Ethiopia",521.0,18235.0,1
289,0.64,2.13,539,1876,1966,0.044,0.54,6,"Jimma Zone, Ethiopia",345.0,12075.0,0
290,0.39,0.85,593,708,436,0.027,0.251,7,"Jimma Zone, Ethiopia",231.0,8085.0,0
291,0.49,1.62,761,5029,2938,0.292,0.6,7,"Jimma Zone, Ethiopia",373.0,13055.0,0
292,0.42,1.2,867,5264,459,0.033,0.161,8,"Jimma Zone, Ethiopia",364.0,12740.0,1
293,0.4,1.21,625,14706,929,0.184,0.356,9,"Jimma Zone, Ethiopia",250.0,8750.0,1
294,0.88,2.04,569,2000,1750,0.101,0.351,6,"Jimma Zone, Ethiopia",501.0,17535.0,0
295,0.67,1.8,650,3837,3979,0.231,0.492,5,"Jimma Zone, Ethiopia",436.0,15260.0,0
296,0.37,1.86,758,13219,3363,0.369,0.184,3,"Jimma Zone, Ethiopia",280.0,9800.0,1
297,0.9,1.35,390,13881,2593,0.367,0.581,6,"Jimma Zone, Ethiopia",351.0,12285.0,1
298,0.65,1.07,300,3884,423,0.255,0.477,7,"Jimma Zone, Ethiopia",195.0,6825.0,1
299,0.86,2.03,551,4917,1980,0.266,0.422,3,"Jimma Zone, Ethiopia",474.0,16590.0,1
300,0.78,1.77,430,2891,229,0.388,0.315,8,"Jimma Zone, Ethiopia",335.0,11725.0,1
301,0.35,0.98,559,21572,1184,0.276,0.43,6,"Jimma Zone, Ethiopia",196.0,6860.0,1
302,0.4,0.8,623,1010,1334,0.14,0.525,3,"Jimma Zone, Ethiopia",249.0,8715.0,0
303,0.83,1.23,568,21714,102,0.034,0.531,4,"Jimma Zone, Ethiopia",471.0,16485.0,1
304,0.77,2.14,911,9213,800,0.422,0.307,4,"Jimma Zone, Ethiopia",701.0,24535.0,1
305,0.54,1.07,709,6067,7789,0.605,0.221,4,"Jimma Zone, Ethiopia",383.0,13405.0,0
306,0.59,1.27,704,266,7678,0.154,0.249,7,"Jimma Zone, Ethiopia",415.0,14525.0,0
307,1.11,1.68,762,5164,1086,0.173,0.539,7,"Jimma Zone, Ethiopia",846.0,29610.0,1
308,0.4,1.12,445,4191,110,0.027,0.334,9,"Jimma Zone, Ethiopia",178.0,6230.0,1
309,0.74,1.12,837,1406,493,0.169,0.183,4,"Jimma Zone, Ethiopia",619.0,21665.0,1
310,0.49,1.41,636,8546,1245,0.205,0.494,6,"Jimma Zone, Ethiopia",312.0,10920.0,1
311,0.49,0.87,771,28365,7381,0.114,0.488,5,"Jimma Zone, Ethiopia",378.0,13230.0,1
312,1.0,2.26,457,6608,381,0.106,0.31,6,"Jimma Zone, Ethiopia",457.0,15995.0,1
313,0.86,1.44,370,10035,3605,0.23,0.152,3,"Jimma Zone, Ethiopia",318.0,11130.0,1
314,0.86,1.81,797,567,288,0.209,0.821,4,"Jimma Zone, Ethiopia",685.0,23975.0,1
315,1.13,2.48,718,4326,9942,0.115,0.36,7,"Jimma Zone, Ethiopia",811.0,28385.0,0
316,0.56,1.64,488,990,1202,0.425,0.461,3,"Jimma Zone, Ethiopia",273.0,9555.0,0
317,0.8,1.74,493,7590,3732,0.441,0.338,7,"Jimma Zone, Ethiopia",394.0,13790.0,1
318,0.46,1.15,853,22307,1049,0.078,0.232,4,"Jimma Zone, Ethiopia",392.0,13720.0,1
319,0.66,1.36,436,8672,2470,0.37,0.447,3,"Jimma Zone, Ethiopia",288.0,10080.0,1
320,0.51,1.61,946,639,533,0.162,0.181,3,"Jimma Zone, Ethiopia",482.0,16870.0,0
321,0.58,2.07,488,3504,395,0.22,0.465,8,"Jimma Zone, Ethiopia",283.0,9905.0,1
322,0.76,1.86,765,6400,6954,0.393,0.703,3,"Jimma Zone, Ethiopia",581.0,20335.0,0
323,0.35,1.32,591,4129,6242,0.189,0.341,6,"Jimma Zone, Ethiopia",207.0,7245.0,0
324,1.73,2.91,759,14349,5461,0.15,0.264,6,"Jimma Zone, Ethiopia",1313.0,45955.0,1
325,0.32,1.17,552,13485,2455,0.132,0.2,3,"Jimma Zone, Ethiopia",177.0,6195.0,1
326,0.28,0.8,621,7571,4129,0.265,0.297,5,"Jimma Zone, Ethiopia",174.0,6090.0,1
327,1.04,2.01,657,3740,179,0.106,0.329,7,"Jimma Zone, Ethiopia",683.0,23905.0,1
328,0.85,2.3,470,2359,1019,0.316,0.62,6,"Jimma Zone, Ethiopia",400.0,14000.0,1
329,0.77,1.28,783,895,941,0.324,0.444,5,"Jimma Zone, Ethiopia",603.0,21105.0,0
330,0.78,1.9,558,3507,2524,0.097,0.525,6,"Jimma Zone, Ethiopia",435.0,15225.0,0
331,0.55,1.09,609,4264,1100,0.158,0.267,6,"Jimma Zone, Ethiopia",335.0,11725.0,1
332,0.34,1.28,471,9012,402,0.356,0.388,4,"Jimma Zone, Ethiopia",160.0,5600.0,1
333,0.57,0.99,300,8587,2269,0.167,0.446,8,"Jimma Zone, Ethiopia",171.0,5985.0,1
334,0.38,1.22,616,581,4210,0.106,0.076,6,"Jimma Zone, Ethiopia",234.0,8190.0,0
335,0.94,2.15,1084,4024,1204,0.179,0.093,3,"Jimma Zone, Ethiopia",1019.0,35665.0,1
336,0.51,1.22,791,1605,355,0.362,0.091,7,"Jimma Zone, Ethiopia",403.0,14105.0,1
337,0.35,1.45,647,1365,548,0.2,0.319,5,"Jimma Zone, Ethiopia",226.0,7910.0,1
338,0.46,1.71,603,14050,678,0.124,0.541,5,"Jimma Zone, Ethiopia",277.0,9695.0,1
339,0.69,2.1,654,343,891,0.397,0.218,6,"Jimma Zone, Ethiopia",451.0,15785.0,0
340,0.4,0.98,748,4347,2574,0.478,0.177,4,"Jimma Zone, Ethiopia",299.0,10465.0,0
341,0.35,1.13,437,1473,2297,0.265,0.277,9,"Jimma Zone, Ethiopia",153.0,5355.0,0
342,0.63,1.11,851,16918,2977,0.107,0.338,3,"Jimma Zone, Ethiopia",536.0,18760.0,1
343,0.63,2.12,779,6514,1126,0.307,0.248,6,"Jimma Zone, Ethiopia",491.0,17185.0,1
344,0.42,1.83,779,2105,4343,0.204,0.185,6,"Jimma Zone, Ethiopia",327.0,11445.0,0
345,0.42,1.37,729,5584,571,0.137,0.17,6,"Jimma Zone, Ethiopia",306.0,10710.0,1
346,0.62,1.93,654,10519,1583,0.085,0.786,5,"Jimma Zone, Ethiopia",405.0,14175.0,1
347,0.25,1.17,771,25383,4035,0.19,0.13,5,"Jimma Zone, Ethiopia",193.0,6755.0,1
348,0.25,1.3,757,1992,497,0.367,0.47,4,"Jimma Zone, Ethiopia",189.0,6615.0,1
349,0.37,0.8,586,17385,291,0.222,0.744,4,"Jimma Zone, Ethiopia",217.0,7595.0,1
350,0.49,1.69,547,21782,5379,0.348,0.573,8,"Jimma Zone, Ethiopia",268.0,9380.0,1
351,0.65,1.1,668,19856,1050,0.486,0.172,5,"Jimma Zone, Ethiopia",434.0,15190.0,1
352,1.24,2.53,929,8072,2879,0.102,0.675,10,"Jimma Zone, Ethiopia",1152.0,40320.0,1
353,0.88,2.12,427,7950,64,0.091,0.143,7,"Jimma Zone, Ethiopia",376.0,13160.0,1
354,0.5,1.65,386,4130,2928,0.093,0.263,3,"Jimma Zone, Ethiopia",193.0,6755.0,0
355,0.54,0.89,680,11167,950,0.161,0.333,7,"Jimma Zone, Ethiopia",367.0,12845.0,1
356,0.32,0.98,659,6062,143,0.398,0.181,6,"Jimma Zone, Ethiopia",211.0,7385.0,1
357,0.54,1.16,681,9052,2353,0.549,0.39,3,"Jimma Zone, Ethiopia",368.0,12880.0,1
358,0.47,1.2,694,4475,689,0.345,0.233,8,"Jimma Zone, Ethiopia",326.0,11410.0,1
359,0.66,1.06,610,10519,1223,0.138,0.758,5,"Jimma Zone, Ethiopia",403.0,14105.0,1
360,0.35,1.77,918,13920,210,0.377,0.333,5,"Jimma Zone, Ethiopia",321.0,11235.0,1
361,0.73,1.69,362,1267,398,0.296,0.544,6,"Jimma Zone, Ethiopia",264.0,9240.0,1
362,1.28,1.94,501,14315,884,0.373,0.715,8,"Jimma Zone, Ethiopia",641.0,22435.0,1
363,0.52,1.29,631,6217,235,0.262,0.451,6,"Jimma Zone, Ethiopia",328.0,11480.0,1
364,0.68,1.52,354,14897,6043,0.023,0.751,6,"Jimma Zone, Ethiopia",241.0,8435.0,1
365,0.8,1.82,618,4515,15,0.053,0.544,4,"Jimma Zone, Ethiopia",494.0,17290.0,1
366,0.44,1.36,949,3812,1653,0.16,0.462,8,"Jimma Zone, Ethiopia",418.0,14630.0,1
367,0.62,2.02,654,19727,329,0.118,0.348,6,"Jimma Zone, Ethiopia",405.0,14175.0,1
368,0.55,1.45,692,2314,919,0.264,0.13,5,"Jimma Zone, Ethiopia",381.0,13335.0,1
369,0.58,2.07,423,14874,6511,0.078,0.337,5,"Jimma Zone, Ethiopia",245.0,8575.0,1
370,0.36,1.68,539,5294,441,0.378,0.203,8,"Jimma Zone, Ethiopia",194.0,6790.0,1
371,0.56,1.11,582,5774,8441,0.221,0.601,5,"Jimma Zone, Ethiopia",326.0,11410.0,0
372,0.72,2.14,593,2951,576,0.167,0.218,8,"Jimma Zone, Ethiopia",427.0,14945.0,1
373,1.22,1.66,881,6809,3383,0.282,0.397,5,"Jimma Zone, Ethiopia",1075.0,37625.0,1
374,0.93,2.21,750,3147,1978,0.337,0.51,7,"Jimma Zone, Ethiopia",698.0,24430.0,0
375,1.79,2.55,450,320,5396,0.333,0.2,6,"Jimma Zone, Ethiopia",806.0,28210.0,0
376,0.36,1.71,694,2540,2019,0.311,0.383,4,"Jimma Zone, Ethiopia",250.0,8750.0,0
377,0.89,2.23,740,51,1912,0.312,0.276,6,"Jimma Zone, Ethiopia",659.0,23065.0,0
378,0.61,1.87,855,30664,544,0.09,0.444,3,"Jimma Zone, Ethiopia",522.0,18270.0,1
379,1.83,3.08,934,26992,454,0.256,0.168,4,"Jimma Zone, Ethiopia",1709.0,59815.0,1
380,0.35,1.02,467,4022,6207,0.245,0.765,3,"Jimma Zone, Ethiopia",163.0,5705.0,0
381,0.35,0.8,504,10427,993,0.394,0.441,9,"Jimma Zone, Ethiopia",176.0,6160.0,1
382,0.39,1.18,424,3395,1163,0.201,0.736,3,"Jimma Zone, Ethiopia",165.0,5775.0,1
383,0.2,0.8,608,8896,3566,0.373,0.552,10,"Jimma Zone, Ethiopia",122.0,4270.0,1
384,0.41,1.54,734,13096,1034,0.311,0.278,7,"Jimma Zone, Ethiopia",301.0,10535.0,1
385,0.36,1.08,828,23463,7595,0.254,0.54,5,"Jimma Zone, Ethiopia",298.0,10430.0,1
386,0.6,2.07,636,4089,3348,0.082,0.631,7,"Jimma Zone, Ethiopia",382.0,13370.0,0
387,0.66,1.73,592,12234,2275,0.115,0.567,5,"Jimma Zone, Ethiopia",391.0,13685.0,1
388,1.54,2.83,677,2473,5319,0.345,0.402,3,"Jimma Zone, Ethiopia",1043.0,36505.0,0
389,0.93,1.38,500,37112,127,0.288,0.228,6,"Jimma Zone, Ethiopia",465.0,16275.0,1
390,0.4,1.73,1026,209,743,0.165,0.541,7,"Jimma Zone, Ethiopia",410.0,14350.0,0
391,0.33,1.74,361,7401,1564,0.035,0.508,8,"Jimma Zone, Ethiopia",119.0,4165.0,1
392,0.72,1.6,683,8619,644,0.097,0.307,7,"Jimma Zone, Ethiopia",492.0,17220.0,1
393,0.27,1.29,1014,9319,3406,0.275,0.183,5,"Jimma Zone, Ethiopia",274.0,9590.0,1
394,1.5,2.72,651,1026,6290,0.111,0.476,8,"Jimma Zone, Ethiopia",976.0,34160.0,0
395,1.05,1.56,616,22314,1378,0.539,0.221,8,"Jimma Zone, Ethiopia",647.0,22645.0,1
396,0.42,1.33,586,1599,1047,0.699,0.299,6,"Jimma Zone, Ethiopia",246.0,8610.0,0
397,0.21,0.99,618,7799,8146,0.189,0.528,8,"Jimma Zone, Ethiopia",130.0,4550.0,0
398,1.16,1.63,897,2015,1471,0.362,0.199,10,"Jimma Zone, Ethiopia",1041.0,36435.0,0
399,0.52,1.26,300,2936,1679,0.285,0.134,5,"Jimma Zone, Ethiopia",156.0,5460.0,0
400,1.08,1.47,926,6325,1083,0.383,0.11,4,"Jimma Zone, Ethiopia",1000.0,35000.0,1
401,0.23,0.8,394,4319,6007,0.625,0.49,5,"Jimma Zone, Ethiopia",91.0,3185.0,0
402,0.39,0.86,602,1397,2104,0.261,0.494,3,"Jimma Zone, Ethiopia",235.0,8225.0,0
403,0.55,2.01,573,1500,3591,0.008,0.327,7,"Jimma Zone, Ethiopia",315.0,11025.0,0
404,0.56,1.52,756,4332,4176,0.279,0.571,3,"Jimma Zone, Ethiopia",423.0,14805.0,0
405,0.43,1.89,362,11327,1046,0.468,0.319,8,"Jimma Zone, Ethiopia",156.0,5460.0,1
406,0.77,1.59,733,18259,1422,0.04,0.335,4,"Jimma Zone, Ethiopia",564.0,19740.0,1
407,0.31,0.98,1014,703,4717,0.556,0.305,8,"Jimma Zone, Ethiopia",314.0,10990.0,0
408,0.51,1.41,405,3995,1128,0.583,0.1,3,"Jimma Zone, Ethiopia",207.0,7245.0,1
409,0.59,1.41,684,845,3949,0.399,0.272,5,"Jimma Zone, Ethiopia",404.0,14140.0,0
410,0.73,1.16,531,134,7075,0.06,0.132,3,"Jimma Zone, Ethiopia",388.0,13580.0,0
411,0.81,1.88,727,8671,2440,0.212,0.253,8,"Jimma Zone, Ethiopia",589.0,20615.0,1
412,0.3,0.85,653,7379,3383,0.117,0.521,9,"Jimma Zone, Ethiopia",196.0,6860.0,1
413,0.24,1.28,535,1424,4088,0.266,0.085,3,"Jimma Zone, Ethiopia",128.0,4480.0,0
414,1.11,2.19,738,2131,4661,0.098,0.267,7,"Jimma Zone, Ethiopia",819.0,28665.0,0
415,0.66,1.14,975,192,1257,0.469,0.262,8,"Jimma Zone, Ethiopia",644.0,22540.0,0
416,0.36,0.8,616,14412,132,0.183,0.465,6,"Jimma Zone, Ethiopia",222.0,7770.0,1
417,1.29,2.52,780,29413,1285,0.167,0.208,7,"Jimma Zone, Ethiopia",1006.0,35210.0,1
418,0.58,1.44,417,1164,2800,0.167,0.511,7,"Jimma Zone, Ethiopia",242.0,8470.0,0
419,1.05,1.42,478,2106,1496,0.14,0.228,7,"Jimma Zone, Ethiopia",502.0,17570.0,0
420,0.57,2.06,735,16224,3455,0.216,0.552,4,"Jimma Zone, Ethiopia",419.0,14665.0,1
421,1.7,2.07,917,20880,1104,0.03,0.489,8,"Jimma Zone, Ethiopia",1559.0,54565.0,1
422,1.44,2.58,714,4353,2518,0.294,0.39,6,"Jimma Zone, Ethiopia",1028.0,35980.0,0
423,0.48,1.96,594,416,516,0.109,0.289,6,"Jimma Zone, Ethiopia",285.0,9975.0,0
424,0.94,1.52,650,322,3459,0.379,0.156,7,"Jimma Zone, Ethiopia",611.0,21385.0,0
425,0.78,1.25,425,6826,1972,0.401,0.353,3,"Jimma Zone, Ethiopia",332.0,11620.0,1
426,1.17,1.61,759,3992,571,0.398,0.56,3,"Jimma Zone, Ethiopia",888.0,31080.0,1
427,0.32,0.99,809,233,863,0.304,0.198,5,"Jimma Zone, Ethiopia",259.0,9065.0,0
428,0.8,1.22,569,7002,3452,0.261,0.569,8,"Jimma Zone, Ethiopia",455.0,15925.0,1
429,0.98,2.11,565,91,1647,0.44,0.592,4,"Jimma Zone, Ethiopia",554.0,19390.0,0
430,0.21,0.8,698,12386,608,0.309,0.22,6,"Jimma Zone, Ethiopia",147.0,5145.0,1
431,0.29,1.2,571,2927,8549,0.305,0.389,4,"Jimma Zone, Ethiopia",166.0,5810.0,0
432,0.2,1.7,638,329,3139,0.357,0.714,4,"Jimma Zone, Ethiopia",128.0,4480.0,0
433,0.47,1.75,1028,7101,7874,0.517,0.26,7,"Jimma Zone, Ethiopia",483.0,16905.0,0
434,0.81,1.85,606,4056,1393,0.6,0.515,7,"Jimma Zone, Ethiopia",491.0,17185.0,1
435,1.25,1.92,585,29136,1611,0.05,0.196,4,"Jimma Zone, Ethiopia",731.0,25585.0,1
436,0.57,1.62,533,6286,5706,0.38,0.356,8,"Jimma Zone, Ethiopia",304.0,10640.0,0
437,1.34,2.28,784,2575,1861,0.093,0.243,6,"Jimma Zone, Ethiopia",1051.0,36785.0,0
438,0.26,1.07,617,9888,3071,0.239,0.369,5,"Jimma Zone, Ethiopia",160.0,5600.0,1
439,0.22,0.8,533,2534,726,0.095,0.541,6,"Jimma Zone, Ethiopia",117.0,4095.0,1
440,0.53,1.9,888,18768,1480,0.166,0.365,9,"Jimma Zone, Ethiopia",471.0,16485.0,1
441,0.68,1.52,906,3756,329,0.056,0.359,7,"Jimma Zone, Ethiopia",616.0,21560.0,1
442,0.54,1.07,542,6386,577,0.412,0.208,4,"Jimma Zone, Ethiopia",293.0,10255.0,1
443,0.2,0.94,314,415,2,0.327,0.672,6,"Jimma Zone, Ethiopia",63.0,2205.0,1
444,0.52,1.32,831,4443,100,0.598,0.71,6,"Jimma Zone, Ethiopia",432.0,15120.0,1
445,0.27,1.56,527,14288,9462,0.402,0.454,7,"Jimma Zone, Ethiopia",142.0,4970.0,0
446,0.79,1.97,792,13105,694,0.054,0.772,6,"Jimma Zone, Ethiopia",626.0,21910.0,1
447,0.67,1.89,300,2032,2721,0.471,0.517,9,"Jimma Zone, Ethiopia",201.0,7035.0,0
448,0.33,0.8,811,2050,4567,0.117,0.065,5,"Jimma Zone, Ethiopia",268.0,9380.0,0
449,0.41,1.21,432,13600,2000,0.273,0.163,3,"Jimma Zone, Ethiopia",177.0,6195.0,1
450,0.31,1.18,782,21320,416,0.08,0.271,6,"Jimma Zone, Ethiopia",242.0,8470.0,1
451,0.53,0.85,653,802,3256,0.539,0.483,5,"Jimma Zone, Ethiopia",346.0,12110.0,0
452,0.93,1.54,478,4784,2292,0.112,0.11,3,"Jimma Zone, Ethiopia",445.0,15575.0,1
453,0.32,1.53,577,3293,3285,0.143,0.413,4,"Jimma Zone, Ethiopia",185.0,6475.0,0
454,0.72,1.19,774,16364,3671,0.488,0.567,5,"Jimma Zone, Ethiopia",557.0,19495.0,1
455,0.41,1.35,669,698,9264,0.176,0.301,8,"Jimma Zone, Ethiopia",274.0,9590.0,0
456,0.35,0.91,755,1897,2131,0.516,0.405,3,"Jimma Zone, Ethiopia",264.0,9240.0,0
457,0.52,0.83,1006,11170,1045,0.226,0.453,6,"Jimma Zone, Ethiopia",523.0,18305.0,1
458,0.31,0.9,368,421,2614,0.17,0.455,10,"Jimma Zone, Ethiopia",114.0,3990.0,0
459,0.4,1.88,941,5427,177,0.035,0.296,5,"Jimma Zone, Ethiopia",376.0,13160.0,1
460,0.28,1.55,669,4669,5692,0.389,0.545,5,"Jimma Zone, Ethiopia",187.0,6545.0,0
461,1.62,3.07,488,3257,318,0.559,0.292,7,"Jimma Zone, Ethiopia",791.0,27685.0,1
462,0.56,1.44,411,4015,993,0.271,0.402,7,"Jimma Zone, Ethiopia",230.0,8050.0,1
463,0.37,0.81,616,6039,4229,0.58,0.355,8,"Jimma Zone, Ethiopia",228.0,7980.0,0
464,0.62,1.57,816,1408,2274,0.134,0.306,5,"Jimma Zone, Ethiopia",506.0,17710.0,0
465,0.52,1.36,627,6789,1251,0.329,0.417,7,"Jimma Zone, Ethiopia",326.0,11410.0,1
466,0.49,1.8,922,13096,1603,0.17,0.626,7,"Jimma Zone, Ethiopia",452.0,15820.0,1
467,0.77,1.19,389,11422,4820,0.532,0.115,5,"Jimma Zone, Ethiopia",300.0,10500.0,1
468,0.83,1.72,648,1337,1039,0.179,0.351,5,"Jimma Zone, Ethiopia",538.0,18830.0,0
469,0.41,0.89,425,1293,5094,0.271,0.155,6,"Jimma Zone, Ethiopia",174.0,6090.0,0
470,0.4,1.09,715,2498,231,0.404,0.114,3,"Jimma Zone, Ethiopia",286.0,10010.0,1
471,0.47,1.66,810,3584,3749,0.483,0.224,5,"Jimma Zone, Ethiopia",381.0,13335.0,0
472,0.2,1.07,574,4200,4702,0.564,0.665,8,"Jimma Zone, Ethiopia",115.0,4025.0,0
473,0.24,0.99,300,9108,502,0.04,0.419,8,"Jimma Zone, Ethiopia",72.0,2520.0,1
474,1.16,1.94,686,467,1407,0.418,0.296,5,"Jimma Zone, Ethiopia",796.0,27860.0,0
475,1.36,2.21,729,282,452,0.234,0.263,6,"Jimma Zone, Ethiopia",991.0,34685.0,0
476,0.48,1.72,723,3979,3066,0.263,0.478,7,"Jimma Zone, Ethiopia",347.0,12145.0,0
477,0.75,2.12,872,9557,1916,0.272,0.381,6,"Jimma Zone, Ethiopia",654.0,22890.0,1
478,0.65,2.1,457,1720,2522,0.081,0.295,7,"Jimma Zone, Ethiopia",297.0,10395.0,0
479,2.5,3.74,772,8207,547,0.323,0.15,7,"Jimma Zone, Ethiopia",1930.0,67550.0,1
480,1.02,1.69,865,2407,595,0.131,0.209,6,"Jimma Zone, Ethiopia",882.0,30870.0,1
481,0.51,1.64,330,17378,106,0.073,0.65,5,"Jimma Zone, Ethiopia",168.0,5880.0,1
482,0.32,1.15,708,18083,972,0.375,0.416,4,"Jimma Zone, Ethiopia",227.0,7945.0,1
483,0.23,0.83,559,2822,2051,0.383,0.236,7,"Jimma Zone, Ethiopia",129.0,4515.0,0
484,0.61,1.92,635,2091,4879,0.437,0.455,5,"Jimma Zone, Ethiopia",387.0,13545.0,0
485,0.36,0.8,713,4239,2748,0.195,0.545,3,"Jimma Zone, Ethiopia",257.0,8995.0,0
486,0.25,1.63,562,2201,1429,0.54,0.264,5,"Jimma Zone, Ethiopia",140.0,4900.0,0
487,0.38,1.24,528,8927,7650,0.214,0.318,7,"Jimma Zone, Ethiopia",201.0,7035.0,0
488,0.3,1.37,656,13993,3176,0.493,0.348,3,"Jimma Zone, Ethiopia",197.0,6895.0,1
489,1.39,2.48,454,8945,6654,0.448,0.187,4,"Jimma Zone, Ethiopia",631.0,22085.0,0
490,0.89,2.27,455,13914,1875,0.159,0.413,6,"Jimma Zone, Ethiopia",405.0,14175.0,1
491,0.55,1.61,772,4047,749,0.174,0.203,8,"Jimma Zone, Ethiopia",425.0,14875.0,1
492,1.24,2.28,443,1360,136,0.261,0.127,7,"Jimma Zone, Ethiopia",549.0,19215.0,1
493,0.57,0.95,770,10714,3237,0.602,0.203,8,"Jimma Zone, Ethiopia",439.0,15365.0,1
494,0.34,1.26,733,3576,323,0.173,0.401,6,"Jimma Zone, Ethiopia",249.0,8715.0,1
495,1.27,1.75,339,8900,902,0.288,0.226,5,"Jimma Zone, Ethiopia",431.0,15085.0,1
496,0.74,1.92,528,2525,1901,0.277,0.324,7,"Jimma Zone, Ethiopia",391.0,13685.0,0
497,0.31,1.22,865,678,2078,0.182,0.353,4,"Jimma Zone, Ethiopia",268.0,9380.0,0
498,0.49,1.61,473,39231,2294,0.526,0.159,4,"Jimma Zone, Ethiopia",232.0,8120.0,1
499,0.34,0.8,566,1359,455,0.17,0.805,4,"Jimma Zone, Ethiopia",192.0,6720.0,1
500,0.26,0.8,733,35668,1194,0.28,0.297,8,"Jimma Zone, Ethiopia",191.0,6685.0,1
501,0.91,2.07,791,30276,2401,0.309,0.523,4,"Jimma Zone, Ethiopia",720.0,25200.0,1
502,1.57,1.96,605,12632,8751,0.398,0.337,8,"Jimma Zone, Ethiopia",950.0,33250.0,0
503,0.25,0.8,542,8617,3251,0.277,0.546,6,"Jimma Zone, Ethiopia",136.0,4760.0,1
504,0.75,1.06,906,6898,6397,0.143,0.547,8,"Jimma Zone, Ethiopia",680.0,23800.0,0
505,0.38,1.83,963,16085,3591,0.51,0.406,4,"Jimma Zone, Ethiopia",366.0,12810.0,1
506,0.42,1.6,826,2734,2239,0.223,0.109,5,"Jimma Zone, Ethiopia",347.0,12145.0,0
507,0.4,1.12,665,5044,533,0.211,0.666,7,"Jimma Zone, Ethiopia",266.0,9310.0,1
508,0.34,1.0,505,7728,2747,0.039,0.232,5,"Jimma Zone, Ethiopia",172.0,6020.0,1
509,0.56,1.28,501,4237,2441,0.541,0.159,3,"Jimma Zone, Ethiopia",281.0,9835.0,0
510,0.35,1.58,744,4462,2306,0.174,0.527,3,"Jimma Zone, Ethiopia",260.0,9100.0,1
511,0.64,1.73,725,3207,1682,0.281,0.394,4,"Jimma Zone, Ethiopia",464.0,16240.0,1
512,0.53,1.06,902,6645,1880,0.069,0.375,4,"Jimma Zone, Ethiopia",478.0,16730.0,1
513,0.48,0.99,767,15208,1018,0.05,0.254,7,"Jimma Zone, Ethiopia",368.0,12880.0,1
514,0.33,0.8,379,1800,1831,0.181,0.588,6,"Jimma Zone, Ethiopia",125.0,4375.0,0
515,0.4,1.49,839,21797,550,0.132,0.179,6,"Jimma Zone, Ethiopia",336.0,11760.0,1
516,0.83,2.05,470,9346,4089,0.124,0.383,9,"Jimma Zone, Ethiopia",390.0,13650.0,1
517,0.72,1.34,581,13865,514,0.186,0.159,8,"Jimma Zone, Ethiopia",418.0,14630.0,1
518,0.32,0.8,695,6499,222,0.451,0.526,7,"Jimma Zone, Ethiopia",222.0,7770.0,1
519,0.58,0.98,1009,12095,1433,0.181,0.761,3,"Jimma Zone, Ethiopia",585.0,20475.0,1
520,0.83,2.29,1200,131,2685,0.426,0.46,6,"Jimma Zone, Ethiopia",996.0,34860.0,0
521,0.22,0.87,759,13647,1439,0.496,0.205,6,"Jimma Zone, Ethiopia",167.0,5845.0,1
522,0.74,1.96,617,328,810,0.181,0.528,5,"Jimma Zone, Ethiopia",457.0,15995.0,0
523,0.38,1.43,746,17652,2042,0.171,0.296,9,"Jimma Zone, Ethiopia",283.0,9905.0,1
524,0.75,1.51,810,38589,1065,0.103,0.237,6,"Jimma Zone, Ethiopia",608.0,21280.0,1
525,0.36,0.91,592,2786,6753,0.186,0.32,3,"Jimma Zone, Ethiopia",213.0,7455.0,0
526,0.2,0.8,973,1889,6398,0.323,0.115,4,"Jimma Zone, Ethiopia",195.0,6825.0,0
527,0.22,1.26,691,11598,1745,0.176,0.67,10,"Jimma Zone, Ethiopia",152.0,5320.0,1
528,0.56,1.79,740,2334,993,0.329,0.343,5,"Jimma Zone, Ethiopia",414.0,14490.0,1
529,0.63,1.71,770,16053,3340,0.373,0.42,3,"Jimma Zone, Ethiopia",485.0,16975.0,1
530,0.33,1.27,726,868,94,0.173,0.666,5,"Jimma Zone, Ethiopia",240.0,8400.0,1
531,0.78,1.13,801,1077,1610,0.304,0.642,3,"Jimma Zone, Ethiopia",625.0,21875.0,0
532,0.22,1.68,539,30964,1025,0.169,0.263,7,"Jimma Zone, Ethiopia",119.0,4165.0,1
533,0.53,1.79,550,8963,6331,0.495,0.378,3,"Jimma Zone, Ethiopia",292.0,10220.0,0
534,0.28,0.93,452,15013,30,0.349,0.228,3,"Jimma Zone, Ethiopia",127.0,4445.0,1
535,0.38,1.86,729,3136,2012,0.583,0.579,6,"Jimma Zone, Ethiopia",277.0,9695.0,0
536,0.56,1.59,790,9028,3374,0.357,0.646,8,"Jimma Zone, Ethiopia",442.0,15470.0,1
537,0.34,1.34,732,7216,1659,0.101,0.122,6,"Jimma Zone, Ethiopia",249.0,8715.0,1
538,0.44,1.64,951,7394,223,0.637,0.68,3,"Jimma Zone, Ethiopia",418.0,14630.0,1
539,0.95,2.23,649,9179,8980,0.374,0.188,6,"Jimma Zone, Ethiopia",617.0,21595.0,0
540,0.4,1.49,770,6852,1825,0.347,0.33,5,"Jimma Zone, Ethiopia",308.0,10780.0,1
541,0.87,1.32,453,4484,2381,0.158,0.136,8,"Jimma Zone, Ethiopia",394.0,13790.0,1
542,0.29,1.0,580,2583,675,0.097,0.441,7,"Jimma Zone, Ethiopia",168.0,5880.0,1
543,0.73,2.15,775,11708,1652,0.261,0.186,5,"Jimma Zone, Ethiopia",566.0,19810.0,1
544,1.21,1.78,803,2052,1402,0.036,0.287,7,"Jimma Zone, Ethiopia",972.0,34020.0,0
545,0.2,0.95,597,9430,195,0.275,0.348,6,"Jimma Zone, Ethiopia",119.0,4165.0,1
546,0.35,1.17,637,2126,281,0.142,0.09,8,"Jimma Zone, Ethiopia",223.0,7805.0,1
547,0.75,1.58,377,7854,4542,0.229,0.459,7,"Jimma Zone, Ethiopia",283.0,9905.0,0
548,0.49,1.53,586,10997,685,0.216,0.061,7,"Jimma Zone, Ethiopia",287.0,10045.0,1
549,0.67,2.1,810,1975,542,0.231,0.276,8,"Jimma Zone, Ethiopia",543.0,19005.0,1
550,0.39,0.98,754,495,1758,0.2,0.5,6,"Jimma Zone, Ethiopia",294.0,10290.0,0
551,0.58,1.02,740,1123,3661,0.235,0.553,4,"Jimma Zone, Ethiopia",429.0,15015.0,0
552,0.5,1.04,659,7451,160,0.394,0.282,6,"Jimma Zone, Ethiopia",330.0,11550.0,1
553,1.04,2.41,651,15147,2150,0.068,0.174,5,"Jimma Zone, Ethiopia",677.0,23695.0,1
554,0.63,1.71,531,368,317,0.347,0.402,7,"Jimma Zone, Ethiopia",335.0,11725.0,0
555,0.66,1.3,776,10599,93,0.015,0.475,6,"Jimma Zone, Ethiopia",512.0,17920.0,1
556,0.44,1.72,726,3340,135,0.207,0.465,6,"Jimma Zone, Ethiopia",319.0,11165.0,1
557,0.42,1.75,739,5209,4492,0.301,0.353,4,"Jimma Zone, Ethiopia",310.0,10850.0,0
558,0.43,1.75,555,21145,314,0.12,0.587,7,"Jimma Zone, Ethiopia",239.0,8365.0,1
559,0.68,2.08,300,3227,116,0.16,0.302,3,"Jimma Zone, Ethiopia",204.0,7140.0,1
560,0.44,1.04,847,5009,1440,0.359,0.32,7,"Jimma Zone, Ethiopia",373.0,13055.0,1
561,0.64,1.85,564,110,4645,0.386,0.308,7,"Jimma Zone, Ethiopia",361.0,12635.0,0
562,1.72,2.57,495,681,761,0.128,0.448,6,"Jimma Zone, Ethiopia",851.0,29785.0,0
563,0.89,2.2,775,2394,1369,0.062,0.338,6,"Jimma Zone, Ethiopia",690.0,24150.0,0
564,0.46,1.63,579,226,102,0.135,0.673,5,"Jimma Zone, Ethiopia",266.0,9310.0,1
565,1.06,2.29,841,7984,1490,0.303,0.627,5,"Jimma Zone, Ethiopia",891.0,31185.0,1
566,0.44,1.53,761,4447,2155,0.231,0.381,6,"Jimma Zone, Ethiopia",335.0,11725.0,1
567,0.2,0.8,773,6355,2115,0.183,0.105,9,"Jimma Zone, Ethiopia",155.0,5425.0,1
568,0.32,1.27,404,1536,1010,0.11,0.654,6,"Jimma Zone, Ethiopia",129.0,4515.0,0
569,0.2,1.68,868,2807,948,0.121,0.499,3,"Jimma Zone, Ethiopia",174.0,6090.0,1
570,0.45,1.88,697,8721,282,0.29,0.133,3,"Jimma Zone, Ethiopia",314.0,10990.0,1
571,0.55,0.91,584,26889,1142,0.196,0.534,3,"Jimma Zone, Ethiopia",321.0,11235.0,1
572,1.38,1.88,676,414,262,0.201,0.099,5,"Jimma Zone, Ethiopia",933.0,32655.0,0
573,0.66,1.11,330,17686,3637,0.006,0.133,8,"Jimma Zone, Ethiopia",218.0,7630.0,1
574,0.49,1.66,724,6881,8474,0.147,0.313,4,"Jimma Zone, Ethiopia",355.0,12425.0,0
575,0.87,2.15,465,6639,8773,0.457,0.884,8,"Jimma Zone, Ethiopia",405.0,14175.0,0
576,0.2,0.8,407,5550,5008,0.441,0.228,6,"Jimma Zone, Ethiopia",81.0,2835.0,0
577,0.62,1.53,376,575,2296,0.386,0.65,7,"Jimma Zone, Ethiopia",233.0,8155.0,0
578,0.84,2.15,850,753,3017,0.385,0.603,7,"Jimma Zone, Ethiopia",714.0,24990.0,0
579,0.24,1.42,537,7349,839,0.223,0.214,7,"Jimma Zone, Ethiopia",129.0,4515.0,1
580,1.03,1.98,926,3336,2491,0.411,0.447,5,"Jimma Zone, Ethiopia",954.0,33390.0,0
581,0.66,1.67,554,19937,1520,0.123,0.664,3,"Jimma Zone, Ethiopia",366.0,12810.0,1
582,0.44,1.35,343,4175,1645,0.436,0.495,5,"Jimma Zone, Ethiopia",151.0,5285.0,1
583,0.78,1.43,449,1237,3545,0.154,0.148,4,"Jimma Zone, Ethiopia",350.0,12250.0,0
584,1.91,2.89,872,10034,828,0.356,0.107,6,"Jimma Zone, Ethiopia",1666.0,58310.0,1
585,0.61,1.73,622,2778,957,0.336,0.027,6,"Jimma Zone, Ethiopia",379.0,13265.0,1
586,0.63,1.98,551,5963,6464,0.212,0.301,5,"Jimma Zone, Ethiopia",347.0,12145.0,0
587,0.43,1.49,679,9574,145,0.018,0.495,9,"Jimma Zone, Ethiopia",292.0,10220.0,1
588,0.34,1.56,740,18442,1662,0.535,0.115,5,"Jimma Zone, Ethiopia",252.0,8820.0,1
589,0.87,1.36,851,12569,6099,0.327,0.458,3,"Jimma Zone, Ethiopia",740.0,25900.0,1
590,0.34,1.2,911,9025,2356,0.238,0.773,6,"Jimma Zone, Ethiopia",310.0,10850.0,1
591,0.57,0.88,585,9106,1976,0.287,0.305,8,"Jimma Zone, Ethiopia",333.0,11655.0,1
592,0.42,1.02,411,23339,718,0.052,0.229,6,"Jimma Zone, Ethiopia",173.0,6055.0,1
593,0.71,1.89,576,2806,1051,0.12,0.466,5,"Jimma Zone, Ethiopia",409.0,14315.0,1
594,0.66,2.15,697,9,4777,0.429,0.514,6,"Jimma Zone, Ethiopia",460.0,16100.0,0
595,0.97,1.39,477,2539,2048,0.522,0.214,9,"Jimma Zone, Ethiopia",463.0,16205.0,0
596,0.41,1.2,478,1966,1808,0.101,0.222,4,"Jimma Zone, Ethiopia",196.0,6860.0,0
597,0.47,1.73,712,8674,262,0.272,0.599,6,"Jimma Zone, Ethiopia",335.0,11725.0,1
598,0.32,0.87,641,8035,40,0.24,0.203,7,"Jimma Zone, Ethiopia",205.0,7175.0,1
599,0.43,1.4,656,7201,8289,0.377,0.447,6,"Jimma Zone, Ethiopia",282.0,9870.0,0
600,0.68,1.86,513,131,1183,0.177,0.651,5,"Jimma Zone, Ethiopia",349.0,12215.0,0
601,0.83,1.87,609,10439,2311,0.358,0.184,5,"Jimma Zone, Ethiopia",505.0,17675.0,1
602,0.33,0.86,484,3127,208,0.398,0.266,5,"Jimma Zone, Ethiopia",160.0,5600.0,1
603,0.89,1.61,810,8750,2873,0.204,0.26,7,"Jimma Zone, Ethiopia",721.0,25235.0,1
604,1.16,2.4,836,6506,6742,0.35,0.301,7,"Jimma Zone, Ethiopia",970.0,33950.0,0
605,0.69,1.65,318,3357,2143,0.117,0.391,9,"Jimma Zone, Ethiopia",219.0,7665.0,0
606,1.54,1.85,483,1156,337,0.425,0.251,3,"Jimma Zone, Ethiopia",744.0,26040.0,1
607,0.36,1.57,381,793,2179,0.064,0.466,9,"Jimma Zone, Ethiopia",137.0,4795.0,0
608,0.28,0.8,533,14247,3635,0.42,0.489,5,"Jimma Zone, Ethiopia",149.0,5215.0,1
609,0.21,1.4,635,20047,1304,0.425,0.357,6,"Jimma Zone, Ethiopia",133.0,4655.0,1
610,1.25,1.79,389,8394,5297,0.306,0.22,7,"Jimma Zone, Ethiopia",486.0,17010.0,0
611,0.79,2.24,484,873,2615,0.237,0.583,7,"Jimma Zone, Ethiopia",382.0,13370.0,0
612,0.53,1.27,469,4114,5738,0.149,0.347,8,"Jimma Zone, Ethiopia",249.0,8715.0,0
613,0.64,1.33,687,10443,2442,0.368,0.125,8,"Jimma Zone, Ethiopia",440.0,15400.0,1
614,0.3,0.8,662,12107,352,0.04,0.194,6,"Jimma Zone, Ethiopia",199.0,6965.0,1
615,2.11,2.77,520,1006,927,0.155,0.323,8,"Jimma Zone, Ethiopia",1097.0,38395.0,0
616,0.59,1.94,682,0,563,0.319,0.281,5,"Jimma Zone, Ethiopia",402.0,14070.0,0
617,0.58,2.08,552,9962,5987,0.164,0.215,5,"Jimma Zone, Ethiopia",320.0,11200.0,0
618,0.82,1.56,601,3528,3572,0.169,0.313,5,"Jimma Zone, Ethiopia",493.0,17255.0,0
619,0.72,1.55,951,2349,2821,0.235,0.192,5,"Jimma Zone, Ethiopia",685.0,23975.0,0
620,0.62,1.79,891,104,895,0.234,0.384,6,"Jimma Zone, Ethiopia",552.0,19320.0,0
621,0.36,1.72,416,6217,508,0.059,0.301,7,"Jimma Zone, Ethiopia",150.0,5250.0,1
622,0.71,1.72,799,15239,3531,0.199,0.401,7,"Jimma Zone, Ethiopia",567.0,19845.0,1
623,1.55,2.31,796,25291,1607,0.294,0.37,5,"Jimma Zone, Ethiopia",1234.0,43190.0,1
624,1.15,1.95,443,6673,640,0.366,0.499,4,"Jimma Zone, Ethiopia",509.0,17815.0,1
625,1.32,2.45,797,5780,2397,0.459,0.407,4,"Jimma Zone, Ethiopia",1052.0,36820.0,1
626,0.41,0.8,927,711,103,0.31,0.442,6,"Jimma Zone, Ethiopia",380.0,13300.0,1
627,0.32,1.36,448,6368,987,0.02,0.423,3,"Jimma Zone, Ethiopia",143.0,5005.0,1
628,0.51,1.24,485,3824,1580,0.631,0.42,4,"Jimma Zone, Ethiopia",247.0,8645.0,1
629,0.57,1.82,833,7474,400,0.326,0.451,5,"Jimma Zone, Ethiopia",475.0,16625.0,1
630,1.0,1.41,699,3938,10442,0.166,0.357,8,"Jimma Zone, Ethiopia",699.0,24465.0,0
631,0.22,1.22,749,2199,586,0.194,0.718,5,"Jimma Zone, Ethiopia",165.0,5775.0,1
632,1.27,2.15,711,798,349,0.291,0.384,8,"Jimma Zone, Ethiopia",903.0,31605.0,1
633,0.5,1.57,720,3026,569,0.109,0.106,6,"Jimma Zone, Ethiopia",360.0,12600.0,1
634,0.43,0.81,411,813,3664,0.094,0.219,5,"Jimma Zone, Ethiopia",177.0,6195.0,0
635,0.31,1.31,839,1557,1386,0.213,0.419,5,"Jimma Zone, Ethiopia",260.0,9100.0,0
636,0.22,1.19,861,34952,2083,0.64,0.356,4,"Jimma Zone, Ethiopia",189.0,6615.0,1
637,0.86,1.84,609,4697,53,0.367,0.355,10,"Jimma Zone, Ethiopia",524.0,18340.0,1
638,0.57,1.6,642,6072,88,0.101,0.111,8,"Jimma Zone, Ethiopia",366.0,12810.0,1
639,0.27,1.38,374,16548,1476,0.007,0.441,7,"Jimma Zone, Ethiopia",101.0,3535.0,1
640,0.27,1.54,743,43353,4241,0.091,0.137,3,"Jimma Zone, Ethiopia",201.0,7035.0,1
641,0.46,1.08,753,6992,5412,0.292,0.636,5,"Jimma Zone, Ethiopia",346.0,12110.0,0
642,1.37,2.66,639,13391,227,0.176,0.266,4,"Jimma Zone, Ethiopia",875.0,30625.0,1
643,0.48,1.37,852,3167,1932,0.407,0.43,6,"Jimma Zone, Ethiopia",409.0,14315.0,0
644,0.24,0.8,590,2919,6111,0.114,0.238,4,"Jimma Zone, Ethiopia",142.0,4970.0,0
645,0.48,0.85,752,4123,1227,0.213,0.066,4,"Jimma Zone, Ethiopia",361.0,12635.0,1
646,0.47,1.17,466,8930,4424,0.438,0.197,4,"Jimma Zone, Ethiopia",219.0,7665.0,1
647,0.2,1.44,646,9170,359,0.109,0.321,5,"Jimma Zone, Ethiopia",129.0,4515.0,1
648,0.53,1.68,619,3029,6849,0.142,0.105,6,"Jimma Zone, Ethiopia",328.0,11480.0,0
649,0.48,1.73,691,1144,3480,0.213,0.74,5,"Jimma Zone, Ethiopia",332.0,11620.0,0
650,0.8,1.73,583,8006,7090,0.283,0.361,8,"Jimma Zone, Ethiopia",466.0,16310.0,0
651,1.52,2.35,626,1099,2822,0.219,0.282,7,"Jimma Zone, Ethiopia",952.0,33320.0,0
652,1.02,1.5,799,6911,1129,0.047,0.563,4,"Jimma Zone, Ethiopia",815.0,28525.0,1
653,0.47,1.17,571,9458,6959,0.111,0.32,6,"Jimma Zone, Ethiopia",268.0,9380.0,0
654,0.3,1.12,361,9648,806,0.188,0.483,4,"Jimma Zone, Ethiopia",108.0,3780.0,1
655,2.26,2.67,965,11202,1009,0.173,0.16,5,"Jimma Zone, Ethiopia",2181.0,76335.0,1
656,0.57,1.13,899,16500,3017,0.439,0.559,7,"Jimma Zone, Ethiopia",512.0,17920.0,1
657,0.55,1.57,417,5545,3624,0.524,0.191,7,"Jimma Zone, Ethiopia",229.0,8015.0,0
658,0.54,1.72,774,10482,6627,0.469,0.337,5,"Jimma Zone, Ethiopia",418.0,14630.0,0
659,0.61,2.11,559,7723,573,0.098,0.372,4,"Jimma Zone, Ethiopia",341.0,11935.0,1
660,0.51,1.93,697,1653,3999,0.467,0.595,6,"Jimma Zone, Ethiopia",355.0,12425.0,0
661,0.4,1.47,703,208,3354,0.245,0.413,6,"Jimma Zone, Ethiopia",281.0,9835.0,0
662,0.41,1.21,608,2679,165,0.156,0.392,5,"Jimma Zone, Ethiopia",249.0,8715.0,1
663,0.54,1.6,509,4682,1224,0.226,0.555,7,"Jimma Zone, Ethiopia",275.0,9625.0,1
664,0.41,1.65,526,7680,831,0.276,0.181,7,"Jimma Zone, Ethiopia",216.0,7560.0,1
665,0.37,0.81,485,15175,908,0.505,0.291,5,"Jimma Zone, Ethiopia",179.0,6265.0,1
666,0.58,1.37,500,1748,10179,0.363,0.569,8,"Jimma Zone, Ethiopia",290.0,10150.0,0
667,0.48,1.78,638,1073,2573,0.017,0.455,8,"Jimma Zone, Ethiopia",306.0,10710.0,0
668,1.26,2.02,521,26479,3162,0.539,0.341,9,"Jimma Zone, Ethiopia",656.0,22960.0,1
669,0.2,1.19,773,915,9389,0.029,0.493,9,"Jimma Zone, Ethiopia",155.0,5425.0,0
670,1.0,2.01,918,5208,1184,0.32,0.24,4,"Jimma Zone, Ethiopia",918.0,32130.0,1
671,1.09,1.61,546,7047,4047,0.4,0.276,7,"Jimma Zone, Ethiopia",595.0,20825.0,0
672,0.2,0.93,693,6236,1425,0.366,0.232,7,"Jimma Zone, Ethiopia",139.0,4865.0,1
673,0.45,1.16,740,720,5092,0.067,0.447,5,"Jimma Zone, Ethiopia",333.0,11655.0,0
674,0.45,0.8,735,470,498,0.42,0.245,7,"Jimma Zone, Ethiopia",331.0,11585.0,0
675,0.25,0.8,664,892,7376,0.305,0.618,3,"Jimma Zone, Ethiopia",166.0,5810.0,0
676,0.36,1.66,784,7047,617,0.149,0.835,3,"Jimma Zone, Ethiopia",282.0,9870.0,1
677,0.3,0.93,737,6288,987,0.117,0.242,3,"Jimma Zone, Ethiopia",221.0,7735.0,1
678,1.44,2.36,427,2130,3528,0.279,0.357,6,"Jimma Zone, Ethiopia",615.0,21525.0,0
679,0.92,1.58,806,8124,1251,0.282,0.478,6,"Jimma Zone, Ethiopia",742.0,25970.0,1
680,1.1,2.53,810,13721,2343,0.054,0.452,5,"Jimma Zone, Ethiopia",891.0,31185.0,1
681,0.82,1.43,513,340,1470,0.34,0.335,9,"Jimma Zone, Ethiopia",421.0,14735.0,0
682,0.29,1.11,657,5515,3391,0.396,0.411,7,"Jimma Zone, Ethiopia",191.0,6685.0,0
683,0.41,1.76,773,9352,648,0.055,0.524,3,"Jimma Zone, Ethiopia",317.0,11095.0,1
684,0.72,2.03,612,2326,151,0.362,0.498,5,"Jimma Zone, Ethiopia",441.0,15435.0,1
685,0.28,0.8,843,2943,891,0.404,0.656,4,"Jimma Zone, Ethiopia",236.0,8260.0,1
686,0.81,2.08,1075,7608,1608,0.159,0.54,6,"Jimma Zone, Ethiopia",871.0,30485.0,1
687,0.48,1.33,509,18257,460,0.596,0.346,6,"Jimma Zone, Ethiopia",244.0,8540.0,1
688,0.45,1.33,401,13283,1095,0.134,0.214,4,"Jimma Zone, Ethiopia",180.0,6300.0,1
689,0.81,1.27,705,7000,1277,0.157,0.307,9,"Jimma Zone, Ethiopia",571.0,19985.0,1
690,0.7,1.1,780,10481,148,0.123,0.434,6,"Jimma Zone, Ethiopia",546.0,19110.0,1
691,0.45,1.62,608,3631,2189,0.543,0.162,5,"Jimma Zone, Ethiopia",274.0,9590.0,0
692,1.04,1.93,912,8195,5393,0.207,0.352,5,"Jimma Zone, Ethiopia",948.0,33180.0,0
693,0.3,1.13,409,5022,411,0.182,0.735,9,"Jimma Zone, Ethiopia",123.0,4305.0,1
694,0.77,1.95,775,1685,2277,0.101,0.864,7,"Jimma Zone, Ethiopia",597.0,20895.0,0
695,0.76,1.98,541,9678,2732,0.477,0.436,5,"Jimma Zone, Ethiopia",411.0,14385.0,1
696,0.46,0.95,959,6504,1359,0.122,0.123,4,"Jimma Zone, Ethiopia",441.0,15435.0,1
697,0.66,1.69,1009,3553,3019,0.136,0.522,4,"Jimma Zone, Ethiopia",666.0,23310.0,0
698,0.28,0.8,512,19383,1322,0.029,0.118,5,"Jimma Zone, Ethiopia",143.0,5005.0,1
699,0.91,2.11,551,169,1756,0.145,0.35,7,"Jimma Zone, Ethiopia",501.0,17535.0,0
700,0.5,1.58,805,3036,18,0.062,0.435,7,"Jimma Zone, Ethiopia",402.0,14070.0,1
701,0.41,1.86,580,469,2942,0.201,0.493,4,"Jimma Zone, Ethiopia",238.0,8330.0,0
702,0.98,1.36,642,11638,2707,0.357,0.666,7,"Jimma Zone, Ethiopia",629.0,22015.0,1
703,0.37,0.8,655,9688,98,0.154,0.133,4,"Jimma Zone, Ethiopia",242.0,8470.0,1
704,0.25,0.89,304,3220,1148,0.161,0.384,5,"Jimma Zone, Ethiopia",76.0,2660.0,1
705,0.23,0.85,648,9008,9662,0.086,0.241,3,"Jimma Zone, Ethiopia",149.0,5215.0,0
706,0.77,1.36,526,4033,1365,0.535,0.09,3,"Jimma Zone, Ethiopia",405.0,14175.0,1
707,0.27,1.66,561,11293,1743,0.484,0.538,4,"Jimma Zone, Ethiopia",151.0,5285.0,1
708,1.44,2.04,910,4844,6018,0.357,0.755,6,"Jimma Zone, Ethiopia",1310.0,45850.0,0
709,0.2,0.83,424,4252,3158,0.332,0.46,4,"Jimma Zone, Ethiopia",85.0,2975.0,0
710,1.4,2.61,796,21834,2181,0.088,0.44,8,"Jimma Zone, Ethiopia",1114.0,38990.0,1
711,0.62,1.46,600,2311,3996,0.307,0.771,4,"Jimma Zone, Ethiopia",372.0,13020.0,0
712,0.52,1.75,600,1027,4994,0.269,0.046,6,"Jimma Zone, Ethiopia",312.0,10920.0,0
713,0.41,0.8,792,7027,1526,0.324,0.459,8,"Jimma Zone, Ethiopia",325.0,11375.0,1
714,0.68,1.57,711,27874,1611,0.023,0.322,6,"Jimma Zone, Ethiopia",483.0,16905.0,1
715,0.54,0.88,753,3796,1220,0.133,0.456,5,"Jimma Zone, Ethiopia",407.0,14245.0,1
716,1.01,1.38,824,512,8506,0.076,0.388,6,"Jimma Zone, Ethiopia",832.0,29120.0,0
717,0.58,1.97,590,3316,2986,0.132,0.368,5,"Jimma Zone, Ethiopia",342.0,11970.0,0
718,0.6,1.06,540,5641,217,0.163,0.248,4,"Jimma Zone, Ethiopia",324.0,11340.0,1
719,0.45,1.39,455,1413,4969,0.239,0.63,7,"Jimma Zone, Ethiopia",205.0,7175.0,0
720,0.53,1.33,501,8586,1638,0.306,0.661,5,"Jimma Zone, Ethiopia",266.0,9310.0,1
721,0.65,1.37,1181,45000,178,0.466,0.465,7,"Jimma Zone, Ethiopia",768.0,26880.0,1
722,0.21,1.59,874,4808,1995,0.115,0.259,7,"Jimma Zone, Ethiopia",184.0,6440.0,1
723,0.26,0.8,407,3505,1350,0.363,0.586,6,"Jimma Zone, Ethiopia",106.0,3710.0,1
724,0.83,1.92,412,4096,5254,0.241,0.656,7,"Jimma Zone, Ethiopia",342.0,11970.0,0
725,0.6,2.06,737,979,570,0.031,0.537,5,"Jimma Zone, Ethiopia",442.0,15470.0,0
726,0.5,1.47,749,17183,4378,0.235,0.581,7,"Jimma Zone, Ethiopia",374.0,13090.0,1
727,0.55,1.98,749,4287,2039,0.464,0.301,7,"Jimma Zone, Ethiopia",412.0,14420.0,1
728,0.66,1.03,604,3919,140,0.435,0.559,5,"Jimma Zone, Ethiopia",399.0,13965.0,1
729,0.41,1.21,627,8623,8925,0.18,0.226,5,"Jimma Zone, Ethiopia",257.0,8995.0,0
730,0.36,0.97,709,4668,1797,0.219,0.6,6,"Jimma Zone, Ethiopia",255.0,8925.0,1
731,0.61,1.79,665,8358,859,0.351,0.31,9,"Jimma Zone, Ethiopia",406.0,14210.0,1
732,0.32,1.8,300,507,1584,0.331,0.136,5,"Jimma Zone, Ethiopia",96.0,3360.0,0
733,0.69,1.29,609,13444,4877,0.261,0.694,5,"Jimma Zone, Ethiopia",420.0,14700.0,1
734,0.22,1.3,497,22575,909,0.155,0.544,8,"Jimma Zone, Ethiopia",109.0,3815.0,1
735,0.97,1.5,682,8370,535,0.408,0.477,6,"Jimma Zone, Ethiopia",662.0,23170.0,1
736,0.71,1.69,1187,24732,345,0.145,0.462,7,"Jimma Zone, Ethiopia",843.0,29505.0,1
737,0.63,1.49,716,1314,884,0.384,0.34,8,"Jimma Zone, Ethiopia",451.0,15785.0,0
738,0.94,2.41,594,5192,3786,0.081,0.513,3,"Jimma Zone, Ethiopia",558.0,19530.0,0
739,1.37,2.4,816,7367,1595,0.341,0.231,6,"Jimma Zone, Ethiopia",1118.0,39130.0,1
740,0.96,1.68,737,6973,645,0.075,0.202,5,"Jimma Zone, Ethiopia",708.0,24780.0,1
741,0.2,0.8,726,4106,454,0.378,0.617,4,"Jimma Zone, Ethiopia",145.0,5075.0,1
742,0.27,0.8,759,3301,1011,0.464,0.543,3,"Jimma Zone, Ethiopia",205.0,7175.0,1
743,0.39,0.96,1020,1085,7030,0.23,0.629,3,"Jimma Zone, Ethiopia",398.0,13930.0,0
744,0.56,1.16,446,3977,1050,0.327,0.761,6,"Jimma Zone, Ethiopia",250.0,8750.0,1
745,0.73,2.05,735,1420,11083,0.433,0.194,5,"Jimma Zone, Ethiopia",537.0,18795.0,0
746,0.37,1.34,483,10605,1660,0.436,0.501,4,"Jimma Zone, Ethiopia",179.0,6265.0,1
747,0.61,1.54,750,1874,494,0.123,0.319,6,"Jimma Zone, Ethiopia",458.0,16030.0,1
748,0.36,0.8,485,483,5544,0.182,0.556,4,"Jimma Zone, Ethiopia",175.0,6125.0,0
749,0.39,1.72,575,6430,1542,0.511,0.297,8,"Jimma Zone, Ethiopia",224.0,7840.0,1
750,0.25,1.42,597,7235,3092,0.229,0.647,5,"Jimma Zone, Ethiopia",149.0,5215.0,1
751,0.33,0.8,826,16440,10293,0.319,0.568,8,"Jimma Zone, Ethiopia",273.0,9555.0,0
752,0.26,1.41,815,6883,129,0.157,0.514,6,"Jimma Zone, Ethiopia",212.0,7420.0,1
753,0.32,1.27,426,3391,254,0.237,0.111,5,"Jimma Zone, Ethiopia",136.0,4760.0,1
754,0.98,1.38,660,12997,3186,0.526,0.353,4,"Jimma Zone, Ethiopia",647.0,22645.0,1
755,0.33,1.18,522,6217,828,0.196,0.717,8,"Jimma Zone, Ethiopia",172.0,6020.0,1
756,2.33,3.22,423,661,509,0.229,0.499,7,"Jimma Zone, Ethiopia",986.0,34510.0,0
757,0.72,1.22,611,6675,100,0.196,0.617,4,"Jimma Zone, Ethiopia",440.0,15400.0,1
758,0.61,2.04,594,19089,55,0.374,0.107,6,"Jimma Zone, Ethiopia",362.0,12670.0,1
759,0.34,1.66,1087,4038,3723,0.285,0.118,3,"Jimma Zone, Ethiopia",370.0,12950.0,0
760,0.81,1.91,728,2812,361,0.16,0.363,3,"Jimma Zone, Ethiopia",590.0,20650.0,1
761,0.4,1.25,402,1239,1576,0.054,0.458,4,"Jimma Zone, Ethiopia",161.0,5635.0,0
762,0.59,1.38,548,1314,2328,0.235,0.482,4,"Jimma Zone, Ethiopia",323.0,11305.0,0
763,2.24,3.32,834,4536,1398,0.372,0.283,8,"Jimma Zone, Ethiopia",1868.0,65380.0,1
764,0.52,1.48,1026,7244,69,0.213,0.351,3,"Jimma Zone, Ethiopia",534.0,18690.0,1
765,1.03,1.41,365,672,3825,0.321,0.157,3,"Jimma Zone, Ethiopia",376.0,13160.0,0
766,0.37,1.29,312,22450,26,0.225,0.423,7,"Jimma Zone, Ethiopia",115.0,4025.0,1
767,0.54,1.81,987,11256,3588,0.35,0.187,6,"Jimma Zone, Ethiopia",533.0,18655.0,1
768,1.45,2.3,720,7067,5594,0.42,0.54,5,"Jimma Zone, Ethiopia",1044.0,36540.0,0
769,0.39,0.8,494,14103,1418,0.037,0.393,9,"Jimma Zone, Ethiopia",193.0,6755.0,1
770,1.49,2.73,746,669,1917,0.192,0.538,7,"Jimma Zone, Ethiopia",1112.0,38920.0,0
771,0.81,1.35,300,5183,1620,0.178,0.254,8,"Jimma Zone, Ethiopia",243.0,8505.0,1
772,0.4,1.01,651,7956,1232,0.226,0.411,6,"Jimma Zone, Ethiopia",260.0,9100.0,1
773,0.78,1.27,709,14113,5460,0.109,0.281,5,"Jimma Zone, Ethiopia",553.0,19355.0,1
774,0.94,1.63,816,12240,5609,0.277,0.237,5,"Jimma Zone, Ethiopia",767.0,26845.0,1
775,0.77,1.98,467,2596,1023,0.142,0.338,7,"Jimma Zone, Ethiopia",360.0,12600.0,1
776,0.23,1.15,665,22626,2387,0.24,0.213,7,"Jimma Zone, Ethiopia",153.0,5355.0,1
777,0.37,0.91,483,1062,6540,0.218,0.59,5,"Jimma Zone, Ethiopia",179.0,6265.0,0
778,0.48,1.83,696,16644,8179,0.089,0.397,7,"Jimma Zone, Ethiopia",334.0,11690.0,1
779,0.53,1.88,489,28307,1778,0.169,0.342,7,"Jimma Zone, Ethiopia",259.0,9065.0,1
780,0.77,2.12,577,1560,1507,0.351,0.421,5,"Jimma Zone, Ethiopia",444.0,15540.0,0
781,0.61,1.19,471,10243,817,0.15,0.325,5,"Jimma Zone, Ethiopia",287.0,10045.0,1
782,0.26,1.1,767,329,7978,0.297,0.379,7,"Jimma Zone, Ethiopia",199.0,6965.0,0
783,0.68,2.16,805,4159,385,0.236,0.514,3,"Jimma Zone, Ethiopia",547.0,19145.0,1
784,0.77,1.99,608,5810,2168,0.036,0.373,7,"Jimma Zone, Ethiopia",468.0,16380.0,1
785,0.75,1.08,657,6952,830,0.047,0.378,4,"Jimma Zone, Ethiopia",493.0,17255.0,1
786,0.99,1.37,389,21983,818,0.084,0.591,7,"Jimma Zone, Ethiopia",385.0,13475.0,1
787,0.87,1.72,596,8924,1298,0.083,0.171,10,"Jimma Zone, Ethiopia",519.0,18165.0,1
788,0.71,2.1,641,5251,16799,0.68,0.288,4,"Jimma Zone, Ethiopia",455.0,15925.0,0
789,0.53,1.47,1122,13272,141,0.325,0.325,3,"Jimma Zone, Ethiopia",595.0,20825.0,1
790,0.22,1.12,450,24052,2160,0.197,0.676,5,"Jimma Zone, Ethiopia",99.0,3465.0,1
791,0.7,1.12,914,179,215,0.203,0.381,5,"Jimma Zone, Ethiopia",640.0,22400.0,0
792,0.62,1.7,829,32374,420,0.168,0.31,7,"Jimma Zone, Ethiopia",514.0,17990.0,1
793,0.64,1.92,701,721,1448,0.369,0.186,6,"Jimma Zone, Ethiopia",449.0,15715.0,0
794,0.27,1.03,967,13473,1786,0.146,0.282,5,"Jimma Zone, Ethiopia",261.0,9135.0,1
795,0.3,1.53,717,2632,749,0.203,0.527,6,"Jimma Zone, Ethiopia",215.0,7525.0,1
796,0.98,2.44,720,1134,951,0.343,0.23,4,"Jimma Zone, Ethiopia",706.0,24710.0,0
797,0.54,1.08,640,4636,227,0.194,0.449,7,"Jimma Zone, Ethiopia",346.0,12110.0,1
798,0.8,1.73,870,8262,903,0.063,0.674,9,"Jimma Zone, Ethiopia",696.0,24360.0,1
799,0.56,1.2,847,3837,8495,0.511,0.376,4,"Jimma Zone, Ethiopia",474.0,16590.0,0
800,0.56,1.81,537,449,7238,0.254,0.295,3,"Jimma Zone, Ethiopia",301.0,10535.0,0
801,0.92,1.91,413,7320,1019,0.344,0.155,5,"Jimma Zone, Ethiopia",380.0,13300.0,1
802,0.41,1.47,613,18615,2115,0.327,0.456,4,"Jimma Zone, Ethiopia",251.0,8785.0,1
803,0.58,1.84,506,3866,6009,0.38,0.461,3,"Jimma Zone, Ethiopia",293.0,10255.0,0
804,0.43,1.2,639,1950,16,0.095,0.16,3,"Jimma Zone, Ethiopia",275.0,9625.0,1
805,0.43,1.83,873,4675,4161,0.074,0.083,5,"Jimma Zone, Ethiopia",375.0,13125.0,0
806,0.46,1.4,568,397,7409,0.514,0.432,5,"Jimma Zone, Ethiopia",261.0,9135.0,0
807,0.62,1.11,642,13740,239,0.287,0.339,6,"Jimma Zone, Ethiopia",398.0,13930.0,1
808,0.42,1.56,660,14005,440,0.002,0.598,5,"Jimma Zone, Ethiopia",277.0,9695.0,1
809,1.09,2.35,803,7094,8094,0.275,0.155,4,"Jimma Zone, Ethiopia",875.0,30625.0,0
810,0.34,1.02,300,3485,1928,0.085,0.71,6,"Jimma Zone, Ethiopia",102.0,3570.0,1
811,0.5,1.82,541,12867,36,0.141,0.39,4,"Jimma Zone, Ethiopia",270.0,9450.0,1
812,0.43,1.82,688,6472,745,0.252,0.398,7,"Jimma Zone, Ethiopia",296.0,10360.0,1
813,1.22,1.85,866,13986,1494,0.139,0.588,3,"Jimma Zone, Ethiopia",1057.0,36995.0,1
814,0.61,2.09,561,7986,2952,0.482,0.616,3,"Jimma Zone, Ethiopia",342.0,11970.0,1
815,0.97,1.44,312,12275,3303,0.066,0.308,3,"Jimma Zone, Ethiopia",303.0,10605.0,1
816,0.24,0.8,762,7302,13466,0.327,0.495,5,"Jimma Zone, Ethiopia",183.0,6405.0,0
817,0.64,1.16,536,4277,847,0.234,0.343,5,"Jimma Zone, Ethiopia",343.0,12005.0,1
818,0.9,2.27,436,25350,1932,0.078,0.181,6,"Jimma Zone, Ethiopia",392.0,13720.0,1
819,0.57,1.66,538,6232,1905,0.404,0.475,5,"Jimma Zone, Ethiopia",307.0,10745.0,1
820,0.99,1.47,617,7433,1301,0.268,0.325,4,"Jimma Zone, Ethiopia",611.0,21385.0,1
821,0.41,1.24,541,1993,463,0.05,0.248,8,"Jimma Zone, Ethiopia",222.0,7770.0,1
822,1.19,2.23,300,7861,9481,0.325,0.253,8,"Jimma Zone, Ethiopia",357.0,12495.0,0
823,1.94,2.34,811,6782,4799,0.139,0.489,7,"Jimma Zone, Ethiopia",1573.0,55055.0,0
824,0.45,1.81,879,1635,1725,0.49,0.372,6,"Jimma Zone, Ethiopia",396.0,13860.0,0
825,0.43,1.69,767,491,2311,0.366,0.325,6,"Jimma Zone, Ethiopia",330.0,11550.0,0
826,1.22,2.13,445,7418,645,0.249,0.295,4,"Jimma Zone, Ethiopia",543.0,19005.0,1
827,1.31,2.77,614,11541,1962,0.235,0.158,6,"Jimma Zone, Ethiopia",804.0,28140.0,1
828,0.41,1.21,649,5929,2968,0.485,0.561,4,"Jimma Zone, Ethiopia",266.0,9310.0,1
829,0.44,1.92,758,2057,1810,0.178,0.372,4,"Jimma Zone, Ethiopia",334.0,11690.0,0
830,0.47,1.57,770,8785,11585,0.024,0.455,3,"Jimma Zone, Ethiopia",362.0,12670.0,0
831,0.26,1.32,518,668,2363,0.262,0.443,6,"Jimma Zone, Ethiopia",135.0,4725.0,0
832,0.33,0.83,665,4665,1159,0.308,0.695,6,"Jimma Zone, Ethiopia",219.0,7665.0,1
833,0.32,1.67,732,1427,3698,0.135,0.379,5,"Jimma Zone, Ethiopia",234.0,8190.0,0
834,0.36,1.17,912,1631,467,0.178,0.235,5,"Jimma Zone, Ethiopia",328.0,11480.0,1
835,0.54,1.03,777,1808,1213,0.229,0.398,3,"Jimma Zone, Ethiopia",420.0,14700.0,0
836,0.62,0.94,792,3911,1065,0.028,0.081,6,"Jimma Zone, Ethiopia",491.0,17185.0,1
837,1.29,2.26,665,420,1413,0.437,0.348,5,"Jimma Zone, Ethiopia",858.0,30030.0,0
838,0.32,1.25,904,4057,3806,0.224,0.5,7,"Jimma Zone, Ethiopia",289.0,10115.0,0
839,0.94,2.11,724,5735,1655,0.558,0.232,6,"Jimma Zone, Ethiopia",681.0,23835.0,1
840,0.49,1.86,495,5282,3950,0.422,0.658,7,"Jimma Zone, Ethiopia",243.0,8505.0,0
841,0.53,0.93,903,3860,2148,0.219,0.166,6,"Jimma Zone, Ethiopia",479.0,16765.0,0
842,0.8,1.97,776,14618,1047,0.107,0.48,6,"Jimma Zone, Ethiopia",621.0,21735.0,1
843,0.3,0.82,570,1256,4152,0.284,0.317,7,"Jimma Zone, Ethiopia",171.0,5985.0,0
844,0.68,2.01,564,5637,680,0.41,0.751,5,"Jimma Zone, Ethiopia",384.0,13440.0,1
845,0.6,1.88,703,512,635,0.08,0.375,7,"Jimma Zone, Ethiopia",422.0,14770.0,0
846,0.72,1.67,733,591,1755,0.073,0.191,5,"Jimma Zone, Ethiopia",528.0,18480.0,0
847,0.64,1.8,686,6824,756,0.432,0.596,5,"Jimma Zone, Ethiopia",439.0,15365.0,1
848,2.12,2.8,706,6678,23,0.306,0.472,9,"Jimma Zone, Ethiopia",1497.0,52395.0,1
849,0.39,1.25,956,16832,2612,0.27,0.572,7,"Jimma Zone, Ethiopia",373.0,13055.0,1
850,0.41,1.7,843,6529,1789,0.186,0.528,5,"Jimma Zone, Ethiopia",346.0,12110.0,1
851,0.39,1.24,684,25709,1474,0.405,0.28,6,"Jimma Zone, Ethiopia",267.0,9345.0,1
852,0.4,1.13,819,399,8526,0.119,0.215,3,"Jimma Zone, Ethiopia",328.0,11480.0,0
853,0.39,1.28,464,825,2117,0.111,0.342,5,"Jimma Zone, Ethiopia",181.0,6335.0,0
854,1.06,2.35,722,361,4977,0.095,0.158,4,"Jimma Zone, Ethiopia",765.0,26775.0,0
855,1.2,1.9,976,1639,375,0.122,0.571,7,"Jimma Zone, Ethiopia",1171.0,40985.0,1
856,0.4,0.91,611,6234,2105,0.185,0.748,5,"Jimma Zone, Ethiopia",244.0,8540.0,1
857,0.35,1.5,497,8298,5062,0.752,0.534,6,"Jimma Zone, Ethiopia",174.0,6090.0,0
858,0.71,2.0,533,373,2187,0.269,0.426,7,"Jimma Zone, Ethiopia",378.0,13230.0,0
859,0.41,0.83,454,23346,3165,0.317,0.45,5,"Jimma Zone, Ethiopia",186.0,6510.0,1
860,0.78,1.37,509,14770,1163,0.117,0.429,5,"Jimma Zone, Ethiopia",397.0,13895.0,1
861,0.61,1.08,583,2815,243,0.314,0.421,6,"Jimma Zone, Ethiopia",356.0,12460.0,1
862,0.24,0.96,397,643,1531,0.187,0.18,4,"Jimma Zone, Ethiopia",95.0,3325.0,0
863,1.29,2.13,653,1490,1254,0.165,0.301,6,"Jimma Zone, Ethiopia",842.0,29470.0,0
864,1.47,2.67,812,1086,5045,0.463,0.361,6,"Jimma Zone, Ethiopia",1194.0,41790.0,0
865,0.39,1.47,487,1053,699,0.338,0.106,6,"Jimma Zone, Ethiopia",190.0,6650.0,0
866,0.44,1.49,923,5848,8508,0.145,0.438,6,"Jimma Zone, Ethiopia",406.0,14210.0,0
867,0.64,1.37,742,2257,7933,0.295,0.12,3,"Jimma Zone, Ethiopia",475.0,16625.0,0
868,0.66,1.97,836,3547,711,0.512,0.548,3,"Jimma Zone, Ethiopia",552.0,19320.0,1
869,0.79,1.65,532,36455,1069,0.563,0.327,4,"Jimma Zone, Ethiopia",420.0,14700.0,1
870,1.66,3.13,804,9224,5648,0.279,0.694,6,"Jimma Zone, Ethiopia",1335.0,46725.0,0
871,0.5,1.56,453,23804,8500,0.417,0.65,5,"Jimma Zone, Ethiopia",226.0,7910.0,1
872,0.35,0.81,810,1230,1465,0.349,0.368,3,"Jimma Zone, Ethiopia",284.0,9940.0,0
873,0.26,1.37,681,3852,968,0.229,0.216,9,"Jimma Zone, Ethiopia",177.0,6195.0,1
874,0.37,1.06,750,6473,1867,0.142,0.309,3,"Jimma Zone, Ethiopia",278.0,9730.0,1
875,0.54,1.66,438,639,2910,0.315,0.294,6,"Jimma Zone, Ethiopia",237.0,8295.0,0
876,1.47,1.86,489,34,799,0.23,0.541,7,"Jimma Zone, Ethiopia",719.0,25165.0,0
877,0.41,0.92,758,8880,3334,0.314,0.454,4,"Jimma Zone, Ethiopia",311.0,10885.0,1
878,0.62,1.95,479,8214,133,0.15,0.743,7,"Jimma Zone, Ethiopia",297.0,10395.0,1
879,0.54,1.12,733,4232,126,0.323,0.405,4,"Jimma Zone, Ethiopia",396.0,13860.0,1
880,1.06,2.36,404,5381,1221,0.121,0.046,6,"Jimma Zone, Ethiopia",428.0,14980.0,1
881,2.2,2.84,803,4295,1090,0.086,0.713,3,"Jimma Zone, Ethiopia",1767.0,61845.0,1
882,0.41,1.48,428,194,948,0.475,0.576,8,"Jimma Zone, Ethiopia",175.0,6125.0,0
883,0.42,1.55,749,3268,1688,0.274,0.522,6,"Jimma Zone, Ethiopia",315.0,11025.0,1
884,0.97,1.89,763,1559,967,0.088,0.532,3,"Jimma Zone, Ethiopia",740.0,25900.0,0
885,0.8,1.46,525,829,534,0.223,0.325,7,"Jimma Zone, Ethiopia",420.0,14700.0,0
886,1.52,2.07,755,25121,926,0.258,0.522,9,"Jimma Zone, Ethiopia",1148.0,40180.0,1
887,0.76,1.1,697,7318,9213,0.334,0.27,4,"Jimma Zone, Ethiopia",530.0,18550.0,0
888,0.45,1.12,553,10435,1324,0.408,0.034,5,"Jimma Zone, Ethiopia",249.0,8715.0,1
889,0.76,1.84,468,3031,1471,0.265,0.338,5,"Jimma Zone, Ethiopia",356.0,12460.0,1
890,1.01,2.44,300,3996,2148,0.129,0.288,4,"Jimma Zone, Ethiopia",303.0,10605.0,1
891,0.86,2.21,713,2163,10237,0.079,0.38,4,"Jimma Zone, Ethiopia",613.0,21455.0,0
892,0.73,1.94,368,816,691,0.243,0.438,5,"Jimma Zone, Ethiopia",269.0,9415.0,0
893,0.99,2.23,667,1578,2859,0.337,0.272,5,"Jimma Zone, Ethiopia",660.0,23100.0,0
894,1.04,2.14,603,12777,3147,0.173,0.334,5,"Jimma Zone, Ethiopia",627.0,21945.0,1
895,1.17,1.79,772,9054,2337,0.138,0.235,5,"Jimma Zone, Ethiopia",903.0,31605.0,1
896,0.78,2.17,596,6334,232,0.152,0.445,7,"Jimma Zone, Ethiopia",465.0,16275.0,1
897,0.5,1.61,591,5156,2824,0.145,0.517,7,"Jimma Zone, Ethiopia",296.0,10360.0,1
898,0.59,1.57,782,20453,166,0.253,0.53,3,"Jimma Zone, Ethiopia",461.0,16135.0,1
899,1.07,1.5,710,604,2267,0.211,0.21,5,"Jimma Zone, Ethiopia",760.0,26600.0,0
900,0.35,1.19,707,2635,3364,0.079,0.144,8,"Jimma Zone, Ethiopia",247.0,8645.0,0
901,0.67,1.52,734,3445,592,0.45,0.296,6,"Jimma Zone, Ethiopia",492.0,17220.0,1
902,0.44,1.78,374,12202,4607,0.38,0.381,6,"Jimma Zone, Ethiopia",165.0,5775.0,1
903,0.56,1.51,786,39158,77,0.171,0.405,6,"Jimma Zone, Ethiopia",440.0,15400.0,1
904,1.11,1.87,760,2203,4642,0.218,0.29,5,"Jimma Zone, Ethiopia",844.0,29540.0,0
905,0.61,2.08,467,16591,1542,0.094,0.187,6,"Jimma Zone, Ethiopia",285.0,9975.0,1
906,0.56,1.0,606,14205,613,0.184,0.4,5,"Jimma Zone, Ethiopia",339.0,11865.0,1
907,0.26,1.07,643,2036,359,0.011,0.348,7,"Jimma Zone, Ethiopia",167.0,5845.0,1
908,0.83,1.18,626,4078,7660,0.18,0.503,5,"Jimma Zone, Ethiopia",520.0,18200.0,0
909,0.78,1.97,710,4217,189,0.317,0.835,5,"Jimma Zone, Ethiopia",554.0,19390.0,1
910,1.8,3.21,908,30614,555,0.192,0.207,7,"Jimma Zone, Ethiopia",1634.0,57190.0,1
911,0.46,1.1,845,1596,1069,0.196,0.277,5,"Jimma Zone, Ethiopia",389.0,13615.0,0
912,0.62,1.95,414,12842,2421,0.384,0.517,6,"Jimma Zone, Ethiopia",257.0,8995.0,1
913,0.63,1.28,762,3254,1968,0.288,0.312,5,"Jimma Zone, Ethiopia",480.0,16800.0,0
914,1.31,2.7,889,10500,336,0.126,0.207,6,"Jimma Zone, Ethiopia",1165.0,40775.0,1
915,0.52,1.73,720,4358,855,0.34,0.218,5,"Jimma Zone, Ethiopia",374.0,13090.0,1
916,0.64,1.91,846,6909,682,0.203,0.165,5,"Jimma Zone, Ethiopia",541.0,18935.0,1
917,0.77,1.09,1012,14300,601,0.546,0.388,4,"Jimma Zone, Ethiopia",779.0,27265.0,1
918,0.61,2.06,834,13044,1324,0.22,0.42,5,"Jimma Zone, Ethiopia",509.0,17815.0,1
919,0.43,1.6,695,16105,3044,0.094,0.492,8,"Jimma Zone, Ethiopia",299.0,10465.0,1
920,0.61,1.28,838,492,613,0.138,0.431,7,"Jimma Zone, Ethiopia",511.0,17885.0,0
921,0.99,2.29,676,9423,1142,0.18,0.635,3,"Jimma Zone, Ethiopia",669.0,23415.0,1
922,0.31,0.95,654,1206,1240,0.415,0.199,5,"Jimma Zone, Ethiopia",203.0,7105.0,0
923,0.59,1.94,587,4300,9372,0.166,0.265,5,"Jimma Zone, Ethiopia",346.0,12110.0,0
924,0.37,0.81,931,6363,7734,0.084,0.346,3,"Jimma Zone, Ethiopia",344.0,12040.0,0
925,1.06,2.2,503,4123,4025,0.114,0.411,6,"Jimma Zone, Ethiopia",533.0,18655.0,0
926,0.24,1.19,926,5865,692,0.051,0.744,6,"Jimma Zone, Ethiopia",222.0,7770.0,1
927,0.4,0.82,740,45000,176,0.281,0.368,9,"Jimma Zone, Ethiopia",296.0,10360.0,1
928,0.68,1.27,398,1162,953,0.094,0.57,5,"Jimma Zone, Ethiopia",271.0,9485.0,0
929,1.3,1.61,716,9003,776,0.24,0.32,4,"Jimma Zone, Ethiopia",931.0,32585.0,1
930,0.53,1.39,300,4033,1763,0.176,0.385,4,"Jimma Zone, Ethiopia",159.0,5565.0,1
931,0.4,1.07,763,1142,3760,0.089,0.416,5,"Jimma Zone, Ethiopia",305.0,10675.0,0
932,1.54,2.56,809,1383,4886,0.349,0.657,7,"Jimma Zone, Ethiopia",1246.0,43610.0,0
933,0.25,0.9,543,23850,4659,0.186,0.525,7,"Jimma Zone, Ethiopia",136.0,4760.0,1
934,0.2,0.86,672,16936,1114,0.424,0.332,11,"Jimma Zone, Ethiopia",134.0,4690.0,1
935,0.7,1.89,1002,19005,2906,0.213,0.458,4,"Jimma Zone, Ethiopia",701.0,24535.0,1
936,0.42,0.8,559,38172,938,0.172,0.393,6,"Jimma Zone, Ethiopia",235.0,8225.0,1
937,0.31,1.7,459,1869,157,0.427,0.281,4,"Jimma Zone, Ethiopia",142.0,4970.0,1
938,0.81,2.13,917,3513,3023,0.208,0.272,6,"Jimma Zone, Ethiopia",743.0,26005.0,0
939,0.63,1.73,1003,8850,25,0.112,0.317,8,"Jimma Zone, Ethiopia",632.0,22120.0,1
940,0.4,1.41,651,5290,1316,0.353,0.392,7,"Jimma Zone, Ethiopia",260.0,9100.0,1
941,0.27,1.64,832,4336,999,0.234,0.409,4,"Jimma Zone, Ethiopia",225.0,7875.0,1
942,0.89,1.41,891,3543,2955,0.497,0.141,7,"Jimma Zone, Ethiopia",793.0,27755.0,0
943,0.78,1.18,516,7207,3634,0.269,0.576,3,"Jimma Zone, Ethiopia",402.0,14070.0,1
944,0.52,1.11,563,6857,906,0.168,0.463,3,"Jimma Zone, Ethiopia",293.0,10255.0,1
945,1.52,2.77,872,1409,4173,0.048,0.241,5,"Jimma Zone, Ethiopia",1325.0,46375.0,0
946,0.3,0.8,953,5105,870,0.216,0.377,7,"Jimma Zone, Ethiopia",286.0,10010.0,1
947,0.24,1.24,751,6450,1478,0.416,0.307,6,"Jimma Zone, Ethiopia",180.0,6300.0,1
948,0.38,1.87,492,6757,3246,0.188,0.677,9,"Jimma Zone, Ethiopia",187.0,6545.0,1
949,0.54,1.86,1008,1887,2952,0.282,0.158,6,"Jimma Zone, Ethiopia",544.0,19040.0,0
950,0.63,1.55,554,10847,10929,0.3,0.446,6,"Jimma Zone, Ethiopia",349.0,12215.0,0
951,0.48,0.86,590,204,638,0.267,0.49,8,"Jimma Zone, Ethiopia",283.0,9905.0,0
952,0.67,1.96,712,3506,2714,0.204,0.576,5,"Jimma Zone, Ethiopia",477.0,16695.0,0
953,0.28,1.29,930,12121,2352,0.275,0.097,6,"Jimma Zone, Ethiopia",260.0,9100.0,1
954,1.21,1.65,804,6639,6166,0.144,0.569,7,"Jimma Zone, Ethiopia",973.0,34055.0,0
955,0.52,0.94,725,2421,425,0.215,0.382,4,"Jimma Zone, Ethiopia",377.0,13195.0,1
956,1.01,2.41,733,9498,3484,0.092,0.167,6,"Jimma Zone, Ethiopia",740.0,25900.0,1
957,0.66,1.77,658,6703,2100,0.515,0.258,10,"Jimma Zone, Ethiopia",434.0,15190.0,1
958,0.71,2.0,750,12727,803,0.155,0.411,8,"Jimma Zone, Ethiopia",532.0,18620.0,1
959,0.75,2.11,300,10625,1608,0.409,0.439,4,"Jimma Zone, Ethiopia",225.0,7875.0,1
960,0.7,1.69,597,7535,1015,0.392,0.387,10,"Jimma Zone, Ethiopia",418.0,14630.0,1
961,0.78,1.7,693,5358,2165,0.465,0.505,7,"Jimma Zone, Ethiopia",541.0,18935.0,1
962,1.14,1.96,443,1143,5496,0.1,0.451,6,"Jimma Zone, Ethiopia",505.0,17675.0,0
963,0.61,1.29,720,2423,2106,0.221,0.659,6,"Jimma Zone, Ethiopia",439.0,15365.0,0
964,0.81,1.63,613,4345,2497,0.262,0.372,7,"Jimma Zone, Ethiopia",497.0,17395.0,0
965,0.52,1.75,966,7316,1828,0.214,0.624,6,"Jimma Zone, Ethiopia",502.0,17570.0,1
966,1.21,2.23,933,5768,131,0.425,0.216,6,"Jimma Zone, Ethiopia",1129.0,39515.0,1
967,0.38,1.75,566,2719,663,0.179,0.25,5,"Jimma Zone, Ethiopia",215.0,7525.0,1
968,1.48,2.31,623,52,1693,0.243,0.268,7,"Jimma Zone, Ethiopia",922.0,32270.0,0
969,0.54,1.57,637,5485,929,0.287,0.62,7,"Jimma Zone, Ethiopia",344.0,12040.0,1
970,0.25,1.31,569,2691,502,0.225,0.183,5,"Jimma Zone, Ethiopia",142.0,4970.0,1
971,0.59,1.6,685,10612,1754,0.251,0.342,3,"Jimma Zone, Ethiopia",404.0,14140.0,1
972,0.38,1.52,514,194,975,0.135,0.036,6,"Jimma Zone, Ethiopia",195.0,6825.0,0
973,0.87,1.46,446,7032,746,0.078,0.354,4,"Jimma Zone, Ethiopia",388.0,13580.0,1
974,0.38,1.3,762,22706,1559,0.162,0.288,5,"Jimma Zone, Ethiopia",290.0,10150.0,1
975,0.43,0.85,763,1533,358,0.338,0.071,5,"Jimma Zone, Ethiopia",328.0,11480.0,1
976,0.2,0.96,505,5104,6569,0.243,0.488,4,"Jimma Zone, Ethiopia",101.0,3535.0,0
977,0.43,1.31,811,767,5057,0.207,0.513,3,"Jimma Zone, Ethiopia",349.0,12215.0,0
978,0.2,1.28,536,7861,3074,0.194,0.394,6,"Jimma Zone, Ethiopia",107.0,3745.0,1
979,0.23,1.67,696,6398,281,0.547,0.141,6,"Jimma Zone, Ethiopia",160.0,5600.0,1
980,0.83,1.85,798,4185,3739,0.52,0.486,6,"Jimma Zone, Ethiopia",662.0,23170.0,0
981,0.85,2.04,644,5895,4125,0.218,0.435,7,"Jimma Zone, Ethiopia",547.0,19145.0,0
982,0.69,1.6,732,18151,3650,0.06,0.33,5,"Jimma Zone, Ethiopia",505.0,17675.0,1
983,0.32,1.38,557,1748,302,0.706,0.577,6,"Jimma Zone, Ethiopia",178.0,6230.0,1
984,0.53,0.92,615,183,2581,0.785,0.272,8,"Jimma Zone, Ethiopia",326.0,11410.0,0
985,0.55,1.15,613,15825,4494,0.422,0.311,5,"Jimma Zone, Ethiopia",337.0,11795.0,1
986,0.29,1.02,516,6885,2153,0.203,0.446,9,"Jimma Zone, Ethiopia",150.0,5250.0,1
987,1.25,2.12,618,17706,2599,0.51,0.461,6,"Jimma Zone, Ethiopia",772.0,27020.0,1
988,0.89,1.24,371,7269,1533,0.396,0.376,4,"Jimma Zone, Ethiopia",330.0,11550.0,1
989,0.49,0.95,562,13293,1881,0.247,0.574,7,"Jimma Zone, Ethiopia",275.0,9625.0,1
990,0.56,1.19,599,4492,87,0.266,0.092,5,"Jimma Zone, Ethiopia",335.0,11725.0,1
991,0.62,2.08,604,11086,2547,0.092,0.778,8,"Jimma Zone, Ethiopia",374.0,13090.0,1
992,0.2,0.9,607,19539,212,0.416,0.76,6,"Jimma Zone, Ethiopia",121.0,4235.0,1
993,0.48,1.36,639,6791,1427,0.392,0.508,5,"Jimma Zone, Ethiopia",307.0,10745.0,1
994,0.38,0.91,736,1595,866,0.209,0.46,8,"Jimma Zone, Ethiopia",280.0,9800.0,1
995,0.32,1.35,807,2505,1971,0.075,0.352,5,"Jimma Zone, Ethiopia",258.0,9030.0,0
996,0.47,1.11,533,1772,358,0.128,0.196,3,"Jimma Zone, Ethiopia",251.0,8785.0,1
997,1.48,2.02,433,2268,2941,0.114,0.575,7,"Jimma Zone, Ethiopia",641.0,22435.0,0
998,0.78,1.7,462,2927,3962,0.338,0.229,6,"Jimma Zone, Ethiopia",360.0,12600.0,0
999,0.4,0.8,562,6480,446,0.223,0.203,8,"Jimma Zone, Ethiopia",225.0,7875.0,1
1000,0.75,1.06,587,7094,275,0.405,0.748,4,"Jimma Zone, Ethiopia",440.0,15400.0,1
